,Q4_1,Q5,Q6,Q7
4,4,PM < 1 μm,Particles of this size include dust and pollen and are the main source of seasonal rhinitis,"Cars,Dirt Roads,Fireplaces,Pollen"
5,4,PM < 2.5 μm,Particles of this size reach the bronchial tree where they corrode the alveolar parenchyma.,"Cars,Dirt Roads,Electric Vehicles,Fireplaces,Pollen,Trucks"
6,2,PM < 0.25 μm,Particles of this diameter are unable to be suspended in air.,"Cars,Dirt Roads,Fireplaces,Trucks"
7,3,PM < 10 μm,Particles of this size reach the bronchial tree where they corrode the alveolar parenchyma.,"Cars,Dirt Roads,Fireplaces,Pollen,Trucks"
8,5,PM < 1 μm,Particles of this size are generally absorbed in the respiratory tract and safely excreted in mucus.,"Cars,Dirt Roads,Electric Vehicles"
9,4.5,PM < 0.05 μm,Particles of this size reach the bronchial tree where they corrode the alveolar parenchyma.,"Cars,Fireplaces,Trucks"
10,2,PM < 0.05 μm,Particles of this diameter are unable to be suspended in air.,"Fireplaces,Pollen"
11,3.5,PM < 1 μm,Particles of this size reach the bronchial tree where they corrode the alveolar parenchyma.,"Cars,Electric Vehicles,Fireplaces,Trucks"
12,4,PM < 1 μm,Particles of this size include dust and pollen and are the main source of seasonal rhinitis,"Cars,Dirt Roads,Fireplaces,Pollen,Trucks"
13,4,PM < 0.05 μm,Particles of this size are generally absorbed in the respiratory tract and safely excreted in mucus.,"Dirt Roads,Fireplaces,Pollen"
14,4,PM < 10 μm,Particles of this diameter are unable to be suspended in air.,Dirt Roads
15,4,PM < 1 μm,Particles of this size include dust and pollen and are the main source of seasonal rhinitis,"Cars,Dirt Roads,Fireplaces,Pollen,Trucks"
16,3,PM < 2.5 μm,Particles of this size are generally absorbed in the respiratory tract and safely excreted in mucus.,"Cars,Dirt Roads,Fireplaces,Pollen,Trucks"
17,3,PM < 2.5 μm,Particles of this size reach the bronchial tree where they corrode the alveolar parenchyma.,Fireplaces
18,3,PM < 1 μm,Particles of this size are generally absorbed in the respiratory tract and safely excreted in mucus.,Fireplaces
19,3,PM < 10 μm,Particles of this size include dust and pollen and are the main source of seasonal rhinitis,"Cars,Dirt Roads,Fireplaces,Pollen,Trucks"
20,5,PM < 0.25 μm,Particles of this size include dust and pollen and are the main source of seasonal rhinitis,"Cars,Fireplaces,Pollen,Trucks"
21,3,PM < 10 μm,Particles of this size include dust and pollen and are the main source of seasonal rhinitis,"Dirt Roads,Fireplaces,Pollen"
22,4,PM < 1 μm,Particles of this size include dust and pollen and are the main source of seasonal rhinitis,"Cars,Fireplaces,Trucks"
23,3.5,PM < 0.05 μm,Particles of this diameter are unable to be suspended in air.,"Cars,Dirt Roads,Electric Vehicles,Fireplaces,Pollen,Trucks"
24,3,PM < 1 μm,Particles of this size reach the bronchial tree where they corrode the alveolar parenchyma.,"Cars,Dirt Roads,Fireplaces,Pollen,Trucks"
25,3,PM < 1 μm,Particles of this size are generally absorbed in the respiratory tract and safely excreted in mucus.,"Cars,Dirt Roads,Fireplaces,Pollen,Trucks"
26,4,PM < 0.05 μm,Particles of this size include dust and pollen and are the main source of seasonal rhinitis,Cars
27,4,PM < 2.5 μm,Particles of this size reach the bronchial tree where they corrode the alveolar parenchyma.,"Cars,Dirt Roads,Fireplaces,Trucks"
28,3.5,PM < 1 μm,Particles of this size are generally absorbed in the respiratory tract and safely excreted in mucus.,"Cars,Dirt Roads,Fireplaces,Trucks"
29,3,PM < 0.25 μm,Particles of this size reach the bronchial tree where they corrode the alveolar parenchyma.,"Cars,Dirt Roads,Electric Vehicles,Fireplaces,Trucks"
30,3.5,PM < 0.05 μm,Particles of this size are generally absorbed in the respiratory tract and safely excreted in mucus.,"Cars,Dirt Roads,Fireplaces,Pollen,Trucks"
31,3.5,PM < 2.5 μm,Particles of this size reach the bronchial tree where they corrode the alveolar parenchyma.,"Dirt Roads,Fireplaces,Pollen,Trucks"
32,2.5,PM < 2.5 μm,Particles of this size are generally absorbed in the respiratory tract and safely excreted in mucus.,"Cars,Dirt Roads,Fireplaces,Trucks"
33,2.5,PM < 1 μm,Particles of this size reach the bronchial tree where they corrode the alveolar parenchyma.,"Cars,Dirt Roads,Fireplaces,Pollen,Trucks"
34,4.5,PM < 0.05 μm,Particles of this diameter are unable to be suspended in air.,"Cars,Dirt Roads,Fireplaces,Trucks"
35,4,PM < 1 μm,Particles of this size reach the bronchial tree where they corrode the alveolar parenchyma.,"Cars,Electric Vehicles,Trucks"
36,4,PM < 1 μm,Particles of this size include dust and pollen and are the main source of seasonal rhinitis,"Cars,Dirt Roads,Electric Vehicles,Fireplaces,Trucks"
37,2.5,PM < 1 μm,Particles of this size are generally absorbed in the respiratory tract and safely excreted in mucus.,"Cars,Dirt Roads,Electric Vehicles,Fireplaces,Pollen,Trucks"
38,2,PM < 2.5 μm,Particles of this size are generally absorbed in the respiratory tract and safely excreted in mucus.,"Cars,Fireplaces,Pollen"
39,2,PM < 1 μm,Particles of this size reach the bronchial tree where they corrode the alveolar parenchyma.,"Cars,Dirt Roads,Fireplaces,Trucks"
40,3,PM < 0.25 μm,Particles of this size are generally absorbed in the respiratory tract and safely excreted in mucus.,"Cars,Dirt Roads,Electric Vehicles,Fireplaces,Pollen,Trucks"
41,2,PM < 1 μm,Particles of this size include dust and pollen and are the main source of seasonal rhinitis,"Cars,Fireplaces,Trucks"
42,2.5,PM < 0.25 μm,Particles of this size reach the bronchial tree where they corrode the alveolar parenchyma.,"Cars,Trucks"
43,2,PM < 0.25 μm,Particles of this size include dust and pollen and are the main source of seasonal rhinitis,Cars
44,3,PM < 0.25 μm,Particles of this size reach the bronchial tree where they corrode the alveolar parenchyma.,"Cars,Dirt Roads,Electric Vehicles,Fireplaces,Pollen,Trucks"
45,3.5,PM < 2.5 μm,Particles of this size reach the bronchial tree where they corrode the alveolar parenchyma.,"Cars,Dirt Roads,Fireplaces,Pollen,Trucks"
46,2,PM < 2.5 μm,Particles of this size reach the bronchial tree where they corrode the alveolar parenchyma.,"Cars,Dirt Roads,Fireplaces,Trucks"
47,4.5,PM < 0.05 μm,Particles of this size are generally absorbed in the respiratory tract and safely excreted in mucus.,Dirt Roads
48,4.5,PM < 1 μm,Particles of this size reach the bronchial tree where they corrode the alveolar parenchyma.,"Cars,Dirt Roads,Electric Vehicles,Fireplaces,Pollen,Trucks"
49,4,PM < 1 μm,Particles of this size are generally absorbed in the respiratory tract and safely excreted in mucus.,"Cars,Fireplaces,Trucks"
50,4,PM < 2.5 μm,Particles of this size are generally absorbed in the respiratory tract and safely excreted in mucus.,"Cars,Dirt Roads,Electric Vehicles,Fireplaces,Pollen,Trucks"
51,4,PM < 0.05 μm,Particles of this size reach the bronchial tree where they corrode the alveolar parenchyma.,"Cars,Fireplaces,Trucks"
52,2.5,PM < 1 μm,Particles of this size are generally absorbed in the respiratory tract and safely excreted in mucus.,Cars
53,1,PM < 0.25 μm,Particles of this size reach the bronchial tree where they corrode the alveolar parenchyma.,Dirt Roads
54,5,PM < 1 μm,Particles of this size include dust and pollen and are the main source of seasonal rhinitis,Cars
55,4,PM < 25 μm,Particles of this size include dust and pollen and are the main source of seasonal rhinitis,Pollen
56,2.5,PM < 1 μm,Particles of this size are generally absorbed in the respiratory tract and safely excreted in mucus.,Electric Vehicles
57,3,PM < 0.05 μm,Particles of this size reach the bronchial tree where they corrode the alveolar parenchyma.,"Cars,Dirt Roads,Fireplaces,Trucks"
58,1.5,PM < 1 μm,Particles of this diameter are unable to be suspended in air.,"Fireplaces,Trucks"
59,3,PM < 1 μm,Particles of this size reach the bronchial tree where they corrode the alveolar parenchyma.,"Cars,Dirt Roads,Electric Vehicles,Fireplaces,Pollen,Trucks"
60,4,PM < 0.25 μm,Particles of this size are generally absorbed in the respiratory tract and safely excreted in mucus.,"Cars,Dirt Roads,Fireplaces,Trucks"
61,4.5,PM < 25 μm,Particles of this size reach the bronchial tree where they corrode the alveolar parenchyma.,"Cars,Dirt Roads,Fireplaces,Pollen,Trucks"
62,3.5,PM < 0.05 μm,Particles of this size include dust and pollen and are the main source of seasonal rhinitis,"Cars,Fireplaces,Pollen,Trucks"
63,4.5,PM < 1 μm,Particles of this size are generally absorbed in the respiratory tract and safely excreted in mucus.,"Cars,Electric Vehicles,Fireplaces,Trucks"
64,4,PM < 2.5 μm,Particles of this diameter are unable to be suspended in air.,"Cars,Fireplaces,Pollen,Trucks"
65,5,PM < 2.5 μm,Particles of this size are generally absorbed in the respiratory tract and safely excreted in mucus.,"Cars,Electric Vehicles,Fireplaces,Trucks"
66,4,PM < 0.05 μm,Particles of this diameter are unable to be suspended in air.,"Cars,Pollen,Trucks"
67,5,PM < 1 μm,Particles of this size include dust and pollen and are the main source of seasonal rhinitis,"Cars,Dirt Roads,Fireplaces,Pollen,Trucks"
68,4,PM < 1 μm,Particles of this size reach the bronchial tree where they corrode the alveolar parenchyma.,"Dirt Roads,Fireplaces"
69,3.5,PM < 1 μm,Particles of this size are generally absorbed in the respiratory tract and safely excreted in mucus.,"Cars,Dirt Roads,Fireplaces,Pollen,Trucks"
70,3.5,PM < 10 μm,Particles of this size include dust and pollen and are the main source of seasonal rhinitis,Fireplaces
71,4,PM < 10 μm,Particles of this size reach the bronchial tree where they corrode the alveolar parenchyma.,"Cars,Dirt Roads,Electric Vehicles,Fireplaces,Trucks"
72,4,PM < 1 μm,Particles of this size are generally absorbed in the respiratory tract and safely excreted in mucus.,Cars
73,3.5,PM < 0.25 μm,Particles of this size include dust and pollen and are the main source of seasonal rhinitis,"Cars,Dirt Roads,Fireplaces,Pollen,Trucks"
74,4,PM < 1 μm,Particles of this size are generally absorbed in the respiratory tract and safely excreted in mucus.,"Cars,Dirt Roads,Trucks"
75,3,PM < 0.05 μm,Particles of this size reach the bronchial tree where they corrode the alveolar parenchyma.,"Cars,Dirt Roads,Trucks"
76,4.5,PM < 1 μm,Particles of this diameter are unable to be suspended in air.,"Cars,Dirt Roads,Fireplaces,Pollen,Trucks"
77,2.5,PM < 0.25 μm,Particles of this size are generally absorbed in the respiratory tract and safely excreted in mucus.,"Cars,Dirt Roads,Electric Vehicles,Fireplaces,Pollen,Trucks"
78,3,PM < 0.25 μm,Particles of this size are generally absorbed in the respiratory tract and safely excreted in mucus.,"Cars,Fireplaces,Trucks"
79,3.5,PM < 1 μm,Particles of this size reach the bronchial tree where they corrode the alveolar parenchyma.,Fireplaces
80,4,PM < 10 μm,Particles of this size reach the bronchial tree where they corrode the alveolar parenchyma.,"Cars,Dirt Roads,Fireplaces,Pollen,Trucks"
81,3,PM < 25 μm,Particles of this size reach the bronchial tree where they corrode the alveolar parenchyma.,"Cars,Trucks"
82,3.5,PM < 2.5 μm,Particles of this size are generally absorbed in the respiratory tract and safely excreted in mucus.,"Dirt Roads,Fireplaces,Pollen"
83,4,PM < 1 μm,Particles of this size are generally absorbed in the respiratory tract and safely excreted in mucus.,"Cars,Dirt Roads,Fireplaces,Pollen,Trucks"
84,3.5,PM < 0.05 μm,Particles of this size reach the bronchial tree where they corrode the alveolar parenchyma.,"Electric Vehicles,Trucks"
85,5,PM < 1 μm,Particles of this size include dust and pollen and are the main source of seasonal rhinitis,"Dirt Roads,Fireplaces,Pollen"
86,2.5,PM < 1 μm,Particles of this size include dust and pollen and are the main source of seasonal rhinitis,"Cars,Electric Vehicles,Fireplaces,Pollen"
87,4,PM < 0.25 μm,Particles of this size reach the bronchial tree where they corrode the alveolar parenchyma.,"Cars,Fireplaces,Pollen,Trucks"
88,2.5,PM < 2.5 μm,Particles of this size include dust and pollen and are the main source of seasonal rhinitis,"Cars,Dirt Roads,Fireplaces,Pollen,Trucks"
89,3.5,PM < 1 μm,Particles of this size include dust and pollen and are the main source of seasonal rhinitis,"Cars,Fireplaces,Pollen"
90,4,PM < 2.5 μm,Particles of this size reach the bronchial tree where they corrode the alveolar parenchyma.,"Cars,Dirt Roads,Fireplaces,Pollen,Trucks"
91,5,PM < 10 μm,Particles of this diameter are unable to be suspended in air.,Pollen
92,4,PM < 0.05 μm,Particles of this size include dust and pollen and are the main source of seasonal rhinitis,"Cars,Fireplaces,Trucks"
93,4.5,PM < 1 μm,Particles of this size reach the bronchial tree where they corrode the alveolar parenchyma.,"Cars,Dirt Roads,Fireplaces,Trucks"
94,3.5,PM < 1 μm,Particles of this diameter are unable to be suspended in air.,"Cars,Dirt Roads,Fireplaces,Pollen"
95,4,PM < 1 μm,Particles of this size include dust and pollen and are the main source of seasonal rhinitis,"Cars,Dirt Roads,Electric Vehicles,Fireplaces,Pollen,Trucks"
96,5,PM < 1 μm,Particles of this diameter are unable to be suspended in air.,Pollen
97,2,PM < 2.5 μm,Particles of this diameter are unable to be suspended in air.,Cars
98,3,PM < 0.25 μm,Particles of this size are generally absorbed in the respiratory tract and safely excreted in mucus.,Pollen
99,4,PM < 25 μm,Particles of this size reach the bronchial tree where they corrode the alveolar parenchyma.,"Cars,Dirt Roads,Fireplaces,Pollen,Trucks"
100,3,PM < 2.5 μm,Particles of this size reach the bronchial tree where they corrode the alveolar parenchyma.,"Cars,Dirt Roads,Fireplaces,Pollen,Trucks"
101,3,PM < 2.5 μm,Particles of this size are generally absorbed in the respiratory tract and safely excreted in mucus.,"Cars,Fireplaces,Trucks"
113,3.5,PM < 1 μm,,
114,,,,
115,2,PM < 1 μm,,
118,5,PM < 0.25 μm,,
123,5,,,
