StartDate,EndDate,Status,IPAddress,Progress,Duration (in seconds),Finished,RecordedDate,ResponseId,RecipientLastName,RecipientFirstName,RecipientEmail,ExternalReference,LocationLatitude,LocationLongitude,DistributionChannel,UserLanguage,Q1,Q2_1,Q3_1,Q3_2,Q3_3,Q3_4,Q3_5,Q3_6,Q3_7,Q4_1,Q5,Q6,Q7,Q8_1,Q8_2,Q8_3,Q8_4,Q8_5,Q8_6,Q9_1,Q10
Start Date,End Date,Response Type,IP Address,Progress,Duration (in seconds),Finished,Recorded Date,Response ID,Recipient Last Name,Recipient First Name,Recipient Email,External Data Reference,Location Latitude,Location Longitude,Distribution Channel,User Language,NetID,How much of an impact do you believe that climate change will have on human health in your lifetime? - Impact,"For each of the following specialties,  impacted by climate change, do you believe each of the following specialties will be? (Please rank on a scale of 0 - 5) - Cardiology","For each of the following specialties,  impacted by climate change, do you believe each of the following specialties will be? (Please rank on a scale of 0 - 5) - Dermatology","For each of the following specialties,  impacted by climate change, do you believe each of the following specialties will be? (Please rank on a scale of 0 - 5) - Infectious Disease","For each of the following specialties,  impacted by climate change, do you believe each of the following specialties will be? (Please rank on a scale of 0 - 5) - Neurology","For each of the following specialties,  impacted by climate change, do you believe each of the following specialties will be? (Please rank on a scale of 0 - 5) - Psychiatry","For each of the following specialties,  impacted by climate change, do you believe each of the following specialties will be? (Please rank on a scale of 0 - 5) - Pulmonology","For each of the following specialties,  impacted by climate change, do you believe each of the following specialties will be? (Please rank on a scale of 0 - 5) - Surgery & Subspecialties",What is the approximate relative risk (RR) for developing asthma in children living in urban areas compared to those living in rural areas? (RR = Urban Risk/Rural Risk) - Relative Risk,"Particulates of all sizes are suspended in the air we breathe. “PM #” indicates all particulate matter (PM) below a certain diameter (#).  So, PM 70 would indicate all particulates 

 Which PM size is most dangerous to human health?


 **Halfway…it’s all down hill from here**",What happens to particles that are > 25 μm in diameter (PM > 25) when we breath them in?,Which of the following sources can emit PM 2.5? (check all that apply),Please rate how likely you are to ascertaining exposure to each of the following potential environmental health risk factors in your future patients? - Source of Drinking Water,Please rate how likely you are to ascertaining exposure to each of the following potential environmental health risk factors in your future patients? - Forest Fire Exposure,Please rate how likely you are to ascertaining exposure to each of the following potential environmental health risk factors in your future patients? - Access to Air Conditioning,Please rate how likely you are to ascertaining exposure to each of the following potential environmental health risk factors in your future patients? - Back-up for Power Outage,Please rate how likely you are to ascertaining exposure to each of the following potential environmental health risk factors in your future patients? - Access of Heat in Winter,Please rate how likely you are to ascertaining exposure to each of the following potential environmental health risk factors in your future patients? - Rural vs. Urban Living,How important do you believe that taking an environmental health history (please reference previous question) is for primary care physicians? - Not at all important,Describe any obstacles that would impact you personally in delivering environmental health care to patients?
"{""ImportId"":""startDate"",""timeZone"":""America/New_York""}","{""ImportId"":""endDate"",""timeZone"":""America/New_York""}","{""ImportId"":""status""}","{""ImportId"":""ipAddress""}","{""ImportId"":""progress""}","{""ImportId"":""duration""}","{""ImportId"":""finished""}","{""ImportId"":""recordedDate"",""timeZone"":""America/New_York""}","{""ImportId"":""_recordId""}","{""ImportId"":""recipientLastName""}","{""ImportId"":""recipientFirstName""}","{""ImportId"":""recipientEmail""}","{""ImportId"":""externalDataReference""}","{""ImportId"":""locationLatitude""}","{""ImportId"":""locationLongitude""}","{""ImportId"":""distributionChannel""}","{""ImportId"":""userLanguage""}","{""ImportId"":""QID1_TEXT""}","{""ImportId"":""QID11_8""}","{""ImportId"":""QID5_1""}","{""ImportId"":""QID5_2""}","{""ImportId"":""QID5_3""}","{""ImportId"":""QID5_7""}","{""ImportId"":""QID5_8""}","{""ImportId"":""QID5_9""}","{""ImportId"":""QID5_4""}","{""ImportId"":""QID6_1""}","{""ImportId"":""QID3""}","{""ImportId"":""QID4""}","{""ImportId"":""QID7""}","{""ImportId"":""QID2_1""}","{""ImportId"":""QID2_3""}","{""ImportId"":""QID2_5""}","{""ImportId"":""QID2_6""}","{""ImportId"":""QID2_7""}","{""ImportId"":""QID2_9""}","{""ImportId"":""QID10_1""}","{""ImportId"":""QID12_TEXT""}"
2024-04-03 13:54:14,2024-04-03 13:56:23,IP Address,172.225.110.7,100,129,True,2024-04-03 13:56:24,R_5SXLtciRotnPbrj,,,,,39.9528,-75.1646,qr,EN,Ms3648,4,4,4,5,3,1,5,3,4.5,PM < 2.5 μm,Particles of this size include dust and pollen and are the main source of seasonal rhinitis,"Cars,Dirt Roads,Electric Vehicles,Fireplaces,Pollen,Trucks",2,1,1,1,1,3,7,Questions and skepticism
2024-04-03 13:54:05,2024-04-03 13:56:44,IP Address,130.219.10.90,100,159,True,2024-04-03 13:56:44,R_2TIiOSSEQUzflyV,,,,,40.4999,-74.4247,qr,EN,Mm3555,5,5,5,5,4,5,5,4,4.5,PM < 2.5 μm,Particles of this size are generally absorbed in the respiratory tract and safely excreted in mucus.,"Cars,Fireplaces",4,4,4,4,,4,10,"Hospital regulations and time constraints with patients. "
2024-04-03 13:53:42,2024-04-03 13:57:30,IP Address,172.59.215.83,100,227,True,2024-04-03 13:57:30,R_8rM6EkPKRCy1yca,,,,,40.7256,-74.1594,qr,EN,ak1709,5,5,5,5,5,5,5,3,2.5,PM < 0.25 μm,Particles of this size include dust and pollen and are the main source of seasonal rhinitis,"Cars,Dirt Roads,Pollen",5,5,5,2,5,3,10,"Knowledge about it
Time "
2024-04-03 13:54:02,2024-04-03 13:57:34,IP Address,130.219.10.90,100,211,True,2024-04-03 13:57:35,R_8EXy0ZwCEjxzSV6,,,,,40.4999,-74.4247,qr,EN,Wc614,4,4,5,4,5,5,5,5,4,PM < 10 μm,,"Cars,Dirt Roads,Electric Vehicles,Fireplaces,Pollen,Trucks",5,2,3,1,5,1,8,"Implicit bias or people not knowing their own environment "
2024-04-03 13:53:37,2024-04-03 13:59:22,IP Address,130.219.10.90,100,345,True,2024-04-03 13:59:23,R_7hAOFCQjIN8nEon,,,,,40.4999,-74.4247,qr,EN,Co384,3,2,4,4,1,3,5,1,2,PM < 1 μm,Particles of this size include dust and pollen and are the main source of seasonal rhinitis,"Cars,Dirt Roads,Fireplaces,Pollen,Trucks",1,1,2,0,2,4,3,Not enough time during visits.
2024-04-03 14:22:29,2024-04-03 14:23:01,IP Address,130.219.10.90,100,31,True,2024-04-03 14:23:01,R_5fjqtFJTpVZ4zsI,,,,,40.4999,-74.4247,qr,EN,,3,,,,,,,,,PM < 0.25 μm,,,,,,,,,,
2024-04-03 14:22:23,2024-04-03 14:23:31,IP Address,130.219.10.90,100,67,True,2024-04-03 14:23:31,R_5oaMZ43P3AEMM9X,,,,,40.4999,-74.4247,qr,EN,,3,4,2,4,1,0,5,3,3,PM < 2.5 μm,Particles of this size reach the bronchial tree where they corrode the alveolar parenchyma.,"Cars,Dirt Roads,Fireplaces",3,3,3,4,3,1,5,
2024-04-03 14:22:32,2024-04-03 14:23:38,IP Address,130.219.10.90,100,66,True,2024-04-03 14:23:39,R_1cAdnF04otTlTTv,,,,,40.4999,-74.4247,qr,EN,dkd74,5,5,5,5,5,5,5,5,3.5,PM < 1 μm,Particles of this size include dust and pollen and are the main source of seasonal rhinitis,"Dirt Roads,Electric Vehicles",4,3,4,3,4,3,7,
2024-04-03 14:22:27,2024-04-03 14:23:43,IP Address,130.219.10.90,100,76,True,2024-04-03 14:23:43,R_1IcTKxJOtD54KtP,,,,,40.4999,-74.4247,qr,EN,,5,5,5,5,5,5,5,5,5,PM < 25 μm,Particles of this diameter are unable to be suspended in air.,Cars,5,5,5,5,5,5,10,
2024-04-03 14:22:41,2024-04-03 14:24:02,IP Address,128.6.37.239,100,81,True,2024-04-03 14:24:03,R_3szfIv2RC3fnq5w,,,,,40.5511,-74.4606,qr,EN,,4,4,2,1,2,3,2,3,5,PM < 2.5 μm,Particles of this size reach the bronchial tree where they corrode the alveolar parenchyma.,"Cars,Dirt Roads,Fireplaces,Trucks",4,3,4,3,4,,8,
2024-04-03 14:22:30,2024-04-03 14:24:03,IP Address,130.219.10.90,100,92,True,2024-04-03 14:24:04,R_7lQwAYnSZUNtoyD,,,,,40.4999,-74.4247,qr,EN,Jf1142,5,5,5,5,2,5,5,5,2.5,PM < 1 μm,Particles of this size reach the bronchial tree where they corrode the alveolar parenchyma.,"Cars,Electric Vehicles,Fireplaces,Trucks",2,2,3,3,3,2,10,
2024-04-03 14:22:23,2024-04-03 14:24:19,IP Address,174.230.184.193,100,115,True,2024-04-03 14:24:19,R_21YKzpi4vrEuNQ0,,,,,40.7747,-74.2274,qr,EN,,3,4,4,5,4,3,5,3,5,PM < 1 μm,Particles of this size reach the bronchial tree where they corrode the alveolar parenchyma.,"Cars,Dirt Roads,Electric Vehicles,Fireplaces,Trucks",3,3,3,3,3,3,10,
2024-04-03 14:22:24,2024-04-03 14:24:20,IP Address,128.6.37.204,100,116,True,2024-04-03 14:24:21,R_2aKs3ZC5wszetaU,,,,,40.5511,-74.4606,qr,EN,zl403,5,,,,,5,5,,4.5,PM < 25 μm,Particles of this size reach the bronchial tree where they corrode the alveolar parenchyma.,Trucks,,,,,,,,
2024-04-03 14:22:33,2024-04-03 14:24:22,IP Address,128.6.36.125,100,108,True,2024-04-03 14:24:22,R_2ZEtO1uhhlmslRv,,,,,40.5511,-74.4606,qr,EN,,4,2,5,5,1,4,4,1,3,PM < 1 μm,Particles of this size are generally absorbed in the respiratory tract and safely excreted in mucus.,"Cars,Fireplaces,Trucks",4,2,4,4,5,5,5,
2024-04-03 14:22:36,2024-04-03 14:24:24,IP Address,130.219.10.90,100,107,True,2024-04-03 14:24:25,R_3PbixQHrBYBh2mO,,,,,40.4999,-74.4247,qr,EN,,3,3,3,3,3,3,3,3,2.5,PM < 1 μm,Particles of this size are generally absorbed in the respiratory tract and safely excreted in mucus.,"Cars,Electric Vehicles,Fireplaces,Trucks",2,0,,,,,,
2024-04-03 14:22:24,2024-04-03 14:24:37,IP Address,128.6.37.32,100,133,True,2024-04-03 14:24:38,R_2rC7200skC4yT5c,,,,,40.5511,-74.4606,qr,EN,Tm965,4,5,5,5,5,5,5,4,3,PM < 0.25 μm,Particles of this size reach the bronchial tree where they corrode the alveolar parenchyma.,"Cars,Dirt Roads,Fireplaces,Trucks",1,1,1,1,1,3,7,
2024-04-03 14:23:01,2024-04-03 14:24:41,IP Address,130.219.10.90,100,100,True,2024-04-03 14:24:42,R_7I4TRlTczh7Mrf9,,,,,40.4999,-74.4247,qr,EN,mi360,5,5,5,5,5,5,5,5,3,PM < 0.25 μm,Particles of this size include dust and pollen and are the main source of seasonal rhinitis,"Cars,Dirt Roads,Electric Vehicles,Fireplaces,Pollen,Trucks",5,2,3,3,3,3,10,not knowing about it
2024-04-03 14:22:27,2024-04-03 14:24:42,IP Address,128.6.36.67,100,134,True,2024-04-03 14:24:43,R_50ANIaQX98io0GR,,,,,40.5511,-74.4606,qr,EN,acp214,5,5,5,5,5,5,5,5,4,PM < 0.25 μm,Particles of this size reach the bronchial tree where they corrode the alveolar parenchyma.,"Cars,Dirt Roads,Fireplaces,Pollen,Trucks",5,5,5,5,5,5,8,
2024-04-03 14:22:49,2024-04-03 14:24:43,IP Address,130.219.10.90,100,114,True,2024-04-03 14:24:44,R_1QLSziqD0QFk035,,,,,40.4999,-74.4247,qr,EN,,5,3,5,5,3,5,5,3,5,PM < 2.5 μm,Particles of this size reach the bronchial tree where they corrode the alveolar parenchyma.,"Cars,Dirt Roads,Electric Vehicles,Fireplaces,Pollen,Trucks",,,3,2,5,4,,
2024-04-03 14:22:38,2024-04-03 14:24:54,IP Address,128.6.37.0,100,135,True,2024-04-03 14:24:54,R_1tNc98vYjWQWGVr,,,,,40.5511,-74.4606,qr,EN,sr1124,4,5,5,5,4,4,5,5,4,PM < 0.25 μm,Particles of this size reach the bronchial tree where they corrode the alveolar parenchyma.,Cars,3,4,3,3,3,4,8,
2024-04-03 14:23:13,2024-04-03 14:24:53,IP Address,130.219.10.90,100,100,True,2024-04-03 14:24:54,R_2IXEpHdBUneipDH,,,,,40.4999,-74.4247,qr,EN,,5,5,5,5,5,5,5,5,2,PM < 1 μm,Particles of this size include dust and pollen and are the main source of seasonal rhinitis,"Cars,Dirt Roads,Fireplaces,Pollen,Trucks",3,1,2,2,3,1,10,"Access to jobs. "
2024-04-03 14:22:23,2024-04-03 14:25:02,IP Address,128.6.37.50,100,159,True,2024-04-03 14:25:03,R_3dxBv2gf7oBowlr,,,,,40.5511,-74.4606,qr,EN,mwn29,4,3,3,4,3,2,4,3,3,PM < 1 μm,Particles of this size are generally absorbed in the respiratory tract and safely excreted in mucus.,"Cars,Dirt Roads,Trucks",2,2,2,1,2,1,5,Being unaware of potential factors
2024-04-03 14:22:52,2024-04-03 14:25:03,IP Address,130.219.10.90,100,130,True,2024-04-03 14:25:04,R_7eVW4WYr97Pa1Vl,,,,,40.4999,-74.4247,qr,EN,Jmd615,4,5,5,5,5,5,5,3,2.5,PM < 0.05 μm,Particles of this size include dust and pollen and are the main source of seasonal rhinitis,"Cars,Dirt Roads,Fireplaces,Pollen,Trucks",3,2,3,3,3,4,7,
2024-04-03 14:22:16,2024-04-03 14:25:05,IP Address,174.198.199.194,100,168,True,2024-04-03 14:25:06,R_2Cf72tz2OHg96U1,,,,,40.7066,-74.2027,qr,EN,,5,2,4,2,4,2,5,1,1.5,PM < 2.5 μm,Particles of this size are generally absorbed in the respiratory tract and safely excreted in mucus.,"Cars,Dirt Roads,Fireplaces,Pollen,Trucks",4,1,2,1,4,5,4,NA
2024-04-03 14:22:26,2024-04-03 14:25:07,IP Address,146.75.245.39,100,160,True,2024-04-03 14:25:08,R_7P52GpFTVPWLo1d,,,,,40.5511,-74.4606,qr,EN,Jg1512,5,5,4,5,1,5,5,2,1.5,PM < 2.5 μm,Particles of this size include dust and pollen and are the main source of seasonal rhinitis,"Cars,Trucks",1,2,1,1,2,3,5,Time!
2024-04-03 14:22:21,2024-04-03 14:25:08,IP Address,130.219.10.90,100,167,True,2024-04-03 14:25:09,R_3Mg4TBZBIjDnHV2,,,,,40.4999,-74.4247,qr,EN,de252,3,4,4,5,3,4,5,2,2,PM < 2.5 μm,Particles of this size include dust and pollen and are the main source of seasonal rhinitis,"Cars,Dirt Roads,Electric Vehicles,Fireplaces,Pollen,Trucks",4,1,3,2,5,4,8,
2024-04-03 14:22:33,2024-04-03 14:25:12,IP Address,130.219.10.90,100,158,True,2024-04-03 14:25:12,R_54FM9wqVoaIoeNn,,,,,40.4999,-74.4247,qr,EN,hg450,5,4,5,5,3,4,4,3,2.5,PM < 0.05 μm,Particles of this diameter are unable to be suspended in air.,"Cars,Dirt Roads,Fireplaces,Trucks",2,0,2,1,2,2,5,
2024-04-03 14:22:19,2024-04-03 14:25:13,IP Address,104.28.55.230,100,173,True,2024-04-03 14:25:13,R_5q81bm06rdZ0Rur,,,,,40.7428,-73.9712,qr,EN,es1210,4,4,3,3,2,3,4,3,3,PM < 2.5 μm,Particles of this size are generally absorbed in the respiratory tract and safely excreted in mucus.,"Cars,Electric Vehicles,Pollen,Trucks",3,2,3,3,4,3,5,No
2024-04-03 14:22:23,2024-04-03 14:25:23,IP Address,104.28.55.123,100,180,True,2024-04-03 14:25:24,R_2rNGuCUlD97mUmn,,,,,39.2889,-76.623,qr,EN,,5,5,5,5,5,5,5,5,5,PM < 0.25 μm,Particles of this size include dust and pollen and are the main source of seasonal rhinitis,"Cars,Dirt Roads,Fireplaces,Pollen,Trucks",5,2,5,3,5,3,10,
2024-04-03 14:22:23,2024-04-03 14:25:30,IP Address,130.219.10.90,100,186,True,2024-04-03 14:25:30,R_3omNH7OUrbTj5K5,,,,,40.4999,-74.4247,qr,EN,dr1154,4,5,5,5,3,3,5,3,2.5,PM < 1 μm,Particles of this size reach the bronchial tree where they corrode the alveolar parenchyma.,Cars,4,1,4,2,4,3,6,lack of education
2024-04-03 14:22:20,2024-04-03 14:25:33,IP Address,128.6.37.181,100,192,True,2024-04-03 14:25:33,R_5qqG4bc1j0HhPdz,,,,,40.5511,-74.4606,qr,EN,Cep128,3,3,3,5,2,3,5,1,1,PM < 1 μm,Particles of this size are generally absorbed in the respiratory tract and safely excreted in mucus.,"Cars,Dirt Roads,Electric Vehicles,Fireplaces,Pollen,Trucks",3,4,4,4,4,3,9,
2024-04-03 14:24:16,2024-04-03 14:25:35,IP Address,130.219.10.90,100,79,True,2024-04-03 14:25:36,R_7AImoQAZkRS6ARb,,,,,40.4999,-74.4247,qr,EN,,4,4,5,5,5,4,4,4,3.5,PM < 10 μm,Particles of this size are generally absorbed in the respiratory tract and safely excreted in mucus.,Electric Vehicles,4,4,3,4,4,4,8,Unsure
2024-04-03 14:22:27,2024-04-03 14:25:36,IP Address,130.219.10.90,100,189,True,2024-04-03 14:25:37,R_2Fi4nzxyQ8Bvuff,,,,,40.4999,-74.4247,qr,EN,Sh1702,3,2,5,5,3,2,4,2,3,PM < 0.25 μm,Particles of this size reach the bronchial tree where they corrode the alveolar parenchyma.,"Cars,Trucks",2,2,2,2,2,3,5,
2024-04-03 14:22:46,2024-04-03 14:25:45,IP Address,128.6.36.115,100,179,True,2024-04-03 14:25:45,R_3fvoEdAw21bWOFA,,,,,40.5511,-74.4606,qr,EN,ait22,5,3,5,5,2,2,5,1,4,PM < 1 μm,Particles of this size reach the bronchial tree where they corrode the alveolar parenchyma.,Fireplaces,2,3,4,4,5,3,10,SDoH - patients can’t pay for new housing or afford a different job to work
2024-04-03 14:23:27,2024-04-03 14:25:48,IP Address,130.219.10.90,100,140,True,2024-04-03 14:25:48,R_3AaL8MMr3pYiiJ3,,,,,40.4999,-74.4247,qr,EN,,1,5,4,3,4,2,5,3,5,PM < 2.5 μm,Particles of this size are generally absorbed in the respiratory tract and safely excreted in mucus.,"Cars,Dirt Roads,Fireplaces,Pollen,Trucks",4,4,4,4,4,4,7,
2024-04-03 14:22:31,2024-04-03 14:25:49,IP Address,128.6.37.241,100,197,True,2024-04-03 14:25:50,R_5OTgXbUW5LlM6HL,,,,,40.5511,-74.4606,qr,EN,rp1376,4,3,5,5,3,2,5,2,3,PM < 1 μm,Particles of this size are generally absorbed in the respiratory tract and safely excreted in mucus.,"Cars,Dirt Roads,Fireplaces,Trucks",4,5,5,5,5,5,10,
2024-04-03 14:22:28,2024-04-03 14:25:51,IP Address,128.6.37.79,100,202,True,2024-04-03 14:25:51,R_5PB7VtRWke1iM3y,,,,,40.5511,-74.4606,qr,EN,,4,4,4,4,4,4,4,3,4,PM < 1 μm,Particles of this size are generally absorbed in the respiratory tract and safely excreted in mucus.,"Cars,Electric Vehicles,Fireplaces,Pollen,Trucks",4,1,1,1,1,2,5,
2024-04-03 14:22:31,2024-04-03 14:25:54,IP Address,174.229.214.15,100,202,True,2024-04-03 14:25:54,R_2XxNwH4iDW12qaJ,,,,,40.7873,-74.3211,qr,EN,psr53,5,4,5,5,4,4,5,4,5,PM < 10 μm,Particles of this size include dust and pollen and are the main source of seasonal rhinitis,"Cars,Dirt Roads,Electric Vehicles,Fireplaces",5,4,5,4,5,4,10,"Convincing peopel the validity and importance "
2024-04-03 13:54:42,2024-04-03 14:25:57,IP Address,130.219.10.90,100,1874,True,2024-04-03 14:25:58,R_7don7ix5YzIB96N,,,,,40.4999,-74.4247,qr,EN,Sa2211,5,5,5,1,5,5,5,1,2,PM < 25 μm,Particles of this size reach the bronchial tree where they corrode the alveolar parenchyma.,Cars,,,,,,,2,"Not knowing about this topic enough to advise my patients "
2024-04-03 14:24:06,2024-04-03 14:25:57,IP Address,128.6.37.4,100,111,True,2024-04-03 14:25:58,R_2pVvtJY7p0QHpcT,,,,,40.5511,-74.4606,qr,EN,akr83,5,4,4,4,4,4,5,4,5,PM < 2.5 μm,Particles of this size are generally absorbed in the respiratory tract and safely excreted in mucus.,"Cars,Dirt Roads,Electric Vehicles,Fireplaces,Pollen,Trucks",4,4,4,4,4,3,9,
2024-04-03 14:22:31,2024-04-03 14:25:58,IP Address,128.6.37.62,100,206,True,2024-04-03 14:25:59,R_22MkuFw7Ep5wW6n,,,,,40.5511,-74.4606,qr,EN,Dtl59,5,3,5,3,4,4,5,1,3,PM < 2.5 μm,Particles of this size are generally absorbed in the respiratory tract and safely excreted in mucus.,"Cars,Dirt Roads",1,1,3,2,2,2,6,
2024-04-03 14:22:22,2024-04-03 14:26:01,IP Address,130.219.10.90,100,219,True,2024-04-03 14:26:02,R_3pScPWfUGt0kUez,,,,,40.4999,-74.4247,qr,EN,nb638,3,3,4,5,3,1,4,1,2,PM < 0.05 μm,Particles of this size include dust and pollen and are the main source of seasonal rhinitis,"Electric Vehicles,Fireplaces",4,1,2,2,3,2,8,"Worrying about patient getting fired from workplace. "
2024-04-03 14:22:46,2024-04-03 14:26:11,IP Address,128.6.37.172,100,205,True,2024-04-03 14:26:12,R_5dyJulI1MeuyMsQ,,,,,40.5511,-74.4606,qr,EN,as3257,5,5,5,5,5,5,5,4,3.5,PM < 0.25 μm,Particles of this size include dust and pollen and are the main source of seasonal rhinitis,"Cars,Dirt Roads,Electric Vehicles,Fireplaces,Pollen,Trucks",4,2,4,3,5,5,9,"government control of resources "
2024-04-03 14:22:20,2024-04-03 14:26:16,IP Address,128.6.36.103,100,235,True,2024-04-03 14:26:16,R_3kFlWKCZSMOqZtT,,,,,40.5511,-74.4606,qr,EN,Mv654,5,5,5,4,3,5,5,3,2.5,PM < 0.25 μm,Particles of this size include dust and pollen and are the main source of seasonal rhinitis,"Cars,Dirt Roads,Electric Vehicles,Fireplaces,Pollen,Trucks",5,2,3,3,5,2,10,"People don’t believe in it "
2024-04-03 14:22:28,2024-04-03 14:26:18,IP Address,130.219.10.90,100,229,True,2024-04-03 14:26:18,R_2Cdz92Pb7myYgzc,,,,,40.4999,-74.4247,qr,EN,Jm3019,4,3,2,2,2,3,4,3,3,PM < 1 μm,Particles of this size include dust and pollen and are the main source of seasonal rhinitis,Fireplaces,3,2,4,2,4,4,5,"I wouldnt know how to deal with all the answers the patient is giving me, making it harder to provide care as a physician"
2024-04-03 14:25:15,2024-04-03 14:26:22,IP Address,174.230.183.46,100,67,True,2024-04-03 14:26:22,R_3BUkM7tda23AzK1,,,,,40.8022,-74.1914,qr,EN,sg1943,3,3,4,4,4,4,5,2,3,PM < 1 μm,Particles of this diameter are unable to be suspended in air.,Electric Vehicles,3,3,4,5,4,3,8,
2024-04-03 14:24:06,2024-04-03 14:26:25,IP Address,104.28.55.232,100,139,True,2024-04-03 14:26:26,R_7SJsxAQgfZNMI6B,,,,,40.7652,-73.9588,qr,EN,,5,4,3,4,4,4,5,4,4,PM < 0.05 μm,Particles of this size reach the bronchial tree where they corrode the alveolar parenchyma.,"Cars,Dirt Roads,Electric Vehicles,Fireplaces,Pollen,Trucks",2,2,3,3,2,2,8,n/a
2024-04-03 14:22:25,2024-04-03 14:26:26,IP Address,174.204.130.26,100,240,True,2024-04-03 14:26:26,R_6GAFd6th1YU3eNX,,,,,40.7809,-73.9502,qr,EN,Ka833,4,2,4,5,1,2,4,,4.5,PM < 0.05 μm,Particles of this size include dust and pollen and are the main source of seasonal rhinitis,"Dirt Roads,Fireplaces,Pollen",5,4,3,2,2,4,8,"Systematic issues such as housing, food sources, water sources"
2024-04-03 14:22:19,2024-04-03 14:26:27,IP Address,128.6.36.81,100,247,True,2024-04-03 14:26:27,R_5m37Uzf3zk8bEWj,,,,,40.5511,-74.4606,qr,EN,sv522,5,5,5,5,4,4,5,4,4,PM < 1 μm,Particles of this size reach the bronchial tree where they corrode the alveolar parenchyma.,"Cars,Dirt Roads,Fireplaces,Pollen,Trucks",4,1,3,2,3,4,8,"systemic/infrastructural disparities, leading to differences in access to clean water, power, and safe living/working environments "
2024-04-03 14:22:30,2024-04-03 14:26:27,IP Address,128.6.37.17,100,237,True,2024-04-03 14:26:28,R_2ekJb2UHr3nO6sU,,,,,40.5511,-74.4606,qr,EN,akp146,3,4,4,5,4,5,5,3,4,PM < 2.5 μm,Particles of this size are generally absorbed in the respiratory tract and safely excreted in mucus.,Electric Vehicles,3,4,2,2,2,4,7,
2024-04-03 14:25:29,2024-04-03 14:26:31,IP Address,128.6.36.100,100,61,True,2024-04-03 14:26:31,R_52shl1ra5snUl5g,,,,,40.5511,-74.4606,qr,EN,,5,5,5,5,5,5,5,5,5,PM < 0.25 μm,Particles of this diameter are unable to be suspended in air.,"Cars,Electric Vehicles,Fireplaces,Trucks",5,5,5,3,3,3,8,
2024-04-03 14:22:29,2024-04-03 14:26:34,IP Address,128.6.36.237,100,244,True,2024-04-03 14:26:34,R_7bHnwTSVgsfd6w5,,,,,40.5511,-74.4606,qr,EN,Kag365,4,5,5,5,5,5,5,3,4.5,PM < 1 μm,Particles of this size reach the bronchial tree where they corrode the alveolar parenchyma.,"Cars,Dirt Roads,Electric Vehicles,Fireplaces,Pollen,Trucks",1,1,2,1,2,4,9,
2024-04-03 13:53:44,2024-04-03 14:26:34,IP Address,130.219.10.90,100,1969,True,2024-04-03 14:26:34,R_6vhQ56DOJP18Zpe,,,,,40.4999,-74.4247,qr,EN,,5,3,3,5,3,4,5,2,3,PM < 0.05 μm,Particles of this size reach the bronchial tree where they corrode the alveolar parenchyma.,"Cars,Electric Vehicles,Fireplaces,Trucks",3,1,4,3,2,4,3,"Time constraints, lack of knowledge "
2024-04-03 14:22:31,2024-04-03 14:26:34,IP Address,130.219.10.90,100,242,True,2024-04-03 14:26:35,R_2rs5N864ZTxBDzz,,,,,40.4999,-74.4247,qr,EN,Adm234,4,4,4,4,3,5,5,3,2.5,PM < 2.5 μm,Particles of this size reach the bronchial tree where they corrode the alveolar parenchyma.,"Cars,Dirt Roads,Fireplaces,Pollen,Trucks",4,4,3,3,4,4,8,Environmental racism
2024-04-03 14:22:17,2024-04-03 14:26:37,IP Address,130.219.10.90,100,260,True,2024-04-03 14:26:38,R_22AHyzqHDOylXWh,,,,,40.4999,-74.4247,qr,EN,,5,5,5,5,5,5,5,5,5,PM < 2.5 μm,Particles of this size reach the bronchial tree where they corrode the alveolar parenchyma.,"Cars,Dirt Roads,Electric Vehicles,Fireplaces,Pollen,Trucks",0,0,0,0,0,0,7,"Time and relevance "
2024-04-03 14:22:20,2024-04-03 14:26:43,IP Address,130.219.10.90,100,262,True,2024-04-03 14:26:43,R_5HnmzuGyYlkUIBF,,,,,40.4999,-74.4247,qr,EN,,5,3,1,4,1,3,5,2,2.5,PM < 0.25 μm,Particles of this size are generally absorbed in the respiratory tract and safely excreted in mucus.,"Cars,Pollen,Trucks",2,1,1,1,1,4,7,"Lack of knowledge about resources available. "
2024-04-03 14:22:18,2024-04-03 14:26:46,IP Address,130.219.10.90,100,267,True,2024-04-03 14:26:46,R_3eRabqamE1jg9Jt,,,,,40.4999,-74.4247,qr,EN,bs1111,4,4,4,4,4,4,4,4,2,PM < 1 μm,Particles of this size reach the bronchial tree where they corrode the alveolar parenchyma.,"Cars,Electric Vehicles,Fireplaces,Trucks",4,3,4,3,4,5,7,Unsure
2024-04-03 14:24:07,2024-04-03 14:26:47,IP Address,172.59.210.101,100,159,True,2024-04-03 14:26:48,R_2h8T8irtwsx7bmF,,,,,40.7641,-74.1654,qr,EN,,4,4,4,5,5,5,5,4,4,PM < 1 μm,Particles of this size include dust and pollen and are the main source of seasonal rhinitis,"Cars,Dirt Roads,Fireplaces,Trucks",5,2,5,3,3,3,9,Patients not understanding the importance/relevance of environmental health care on their health
2024-04-03 14:22:19,2024-04-03 14:26:51,IP Address,128.6.36.117,100,272,True,2024-04-03 14:26:52,R_2oC2ssTyxPAwjyE,,,,,40.5511,-74.4606,qr,EN,rp933,3,3,3,4,3,3,4,3,2.5,PM < 2.5 μm,Particles of this size include dust and pollen and are the main source of seasonal rhinitis,"Cars,Fireplaces,Trucks",2,2,3,3,4,4,5,
2024-04-03 14:22:35,2024-04-03 14:27:02,IP Address,130.156.160.177,100,266,True,2024-04-03 14:27:02,R_53xWHxLo0gGdl9e,,,,,40.5511,-74.4606,qr,EN,me545,3,2,4,2,2,3,5,3,3,PM < 0.05 μm,Particles of this size include dust and pollen and are the main source of seasonal rhinitis,"Cars,Dirt Roads,Trucks",5,5,5,5,5,5,10,Limited time to take a thorough history
2024-04-03 14:22:32,2024-04-03 14:27:03,IP Address,128.6.37.33,100,270,True,2024-04-03 14:27:03,R_3gTvzF6ik120yKs,,,,,40.5511,-74.4606,qr,EN,eh374,5,5,5,5,2,3,5,4,5,PM < 2.5 μm,Particles of this size are generally absorbed in the respiratory tract and safely excreted in mucus.,"Cars,Dirt Roads,Fireplaces,Trucks",5,5,5,5,5,4,10,"Giving patients realistic options for how to improve their life aside from attempting to remove the exposure "
2024-04-03 14:22:41,2024-04-03 14:27:03,IP Address,130.219.10.90,100,261,True,2024-04-03 14:27:03,R_5JlxwvQYmcWThKl,,,,,40.4999,-74.4247,qr,EN,Nv325,5,5,3,5,4,5,5,4,2,PM < 1 μm,Particles of this size include dust and pollen and are the main source of seasonal rhinitis,"Cars,Dirt Roads,Electric Vehicles,Fireplaces,Pollen,Trucks",5,3,4,3,5,3,10,
2024-04-03 13:53:26,2024-04-03 14:27:05,IP Address,130.219.10.90,100,2018,True,2024-04-03 14:27:05,R_2fa1yUrkjE2oXNw,,,,,40.4999,-74.4247,anonymous,EN,Ss4567,4,3,4,5,3,5,5,3,4,PM < 10 μm,Particles of this size are generally absorbed in the respiratory tract and safely excreted in mucus.,"Cars,Dirt Roads,Fireplaces,Pollen,Trucks",3,1,3,1,3,5,10,"Limited time in patient visits, patients may not know to share a relevant piece of information unless they are explicitly asked "
2024-04-03 14:24:10,2024-04-03 14:27:11,IP Address,130.219.10.90,100,181,True,2024-04-03 14:27:12,R_1TMOoLOItjjehr7,,,,,40.4999,-74.4247,qr,EN,cf712,5,5,5,5,5,5,5,4,3,PM < 25 μm,Particles of this size are generally absorbed in the respiratory tract and safely excreted in mucus.,Cars,2,2,2,2,2,2,7,
2024-04-03 14:22:47,2024-04-03 14:27:16,IP Address,130.219.10.90,100,269,True,2024-04-03 14:27:16,R_50HGBOhEZOn9KpA,,,,,40.4999,-74.4247,qr,EN,jd1711,5,4,4,5,3,4,5,4,5,PM < 0.25 μm,Particles of this size include dust and pollen and are the main source of seasonal rhinitis,Cars,5,2,4,3,5,5,10,"Knowing what community resources are available to help patients. "
2024-04-03 14:22:21,2024-04-03 14:27:18,IP Address,130.219.10.90,100,297,True,2024-04-03 14:27:19,R_5pYhbbAVdzOKyg9,,,,,40.4999,-74.4247,qr,EN,,5,5,5,5,5,5,5,5,3.5,PM < 1 μm,Particles of this size reach the bronchial tree where they corrode the alveolar parenchyma.,"Cars,Dirt Roads,Fireplaces,Pollen,Trucks",4,1,4,3,4,4,10,
2024-04-03 14:22:31,2024-04-03 14:27:20,IP Address,128.6.37.119,100,289,True,2024-04-03 14:27:21,R_2QA0e3jjueqFMaR,,,,,40.5511,-74.4606,qr,EN,,5,5,5,5,,5,5,2,5,PM < 2.5 μm,Particles of this size reach the bronchial tree where they corrode the alveolar parenchyma.,"Cars,Dirt Roads,Fireplaces,Pollen,Trucks",,,,,,,10,Can’t easily move houses
2024-04-03 14:22:19,2024-04-03 14:27:20,IP Address,130.219.10.90,100,301,True,2024-04-03 14:27:21,R_55p41CcFvovu90t,,,,,40.4999,-74.4247,qr,EN,hc1000,5,5,5,4,3,5,4,2,3,PM < 1 μm,Particles of this size include dust and pollen and are the main source of seasonal rhinitis,"Dirt Roads,Fireplaces,Pollen",5,3,5,4,5,3,10,Infrastructure issues
2024-04-03 14:24:43,2024-04-03 14:27:21,IP Address,130.219.10.90,100,157,True,2024-04-03 14:27:21,R_1gRUi8SnhFyHpzL,,,,,40.4999,-74.4247,qr,EN,,5,4,2,5,2,4,5,2,2.5,PM < 1 μm,Particles of this size include dust and pollen and are the main source of seasonal rhinitis,Cars,4,2,5,5,5,5,8,
2024-04-03 14:22:25,2024-04-03 14:27:21,IP Address,130.219.10.90,100,296,True,2024-04-03 14:27:22,R_6RpRZXlkB2kzZhq,,,,,40.4999,-74.4247,qr,EN,Sef142,5,4,5,5,4,4,5,4,3,PM < 2.5 μm,Particles of this size are generally absorbed in the respiratory tract and safely excreted in mucus.,Fireplaces,2,3,3,3,3,3,7,Lack of knowledge and lack of resources to give to patients.
2024-04-03 14:22:35,2024-04-03 14:27:24,IP Address,130.219.10.90,100,288,True,2024-04-03 14:27:24,R_60oa3zjhBfufDfN,,,,,40.4999,-74.4247,qr,EN,Doc21,4,4,4,5,3,5,5,3,3.5,PM < 1 μm,Particles of this size reach the bronchial tree where they corrode the alveolar parenchyma.,Cars,2,,0,,,3,8,N/a
2024-04-03 14:23:10,2024-04-03 14:27:26,IP Address,128.6.37.98,100,255,True,2024-04-03 14:27:27,R_7qeV1lJw0Xj0Par,,,,,40.5511,-74.4606,qr,EN,nvm37,5,5,5,5,3,4,5,5,4.5,PM < 1 μm,Particles of this size include dust and pollen and are the main source of seasonal rhinitis,"Cars,Dirt Roads,Electric Vehicles,Fireplaces,Pollen,Trucks",2,1,3,1,4,2,10,Lack of understanding about resources that can aid patients with environmental exposures.
2024-04-03 14:25:05,2024-04-03 14:27:27,IP Address,128.6.37.30,100,142,True,2024-04-03 14:27:28,R_7I5cCmQUWFSZiBK,,,,,40.5511,-74.4606,qr,EN,sb2494,5,2,3,4,2,5,5,2,3.5,PM < 2.5 μm,Particles of this diameter are unable to be suspended in air.,"Cars,Dirt Roads,Fireplaces,Pollen,Trucks",3,2,4,3,4,3,9,
2024-04-03 14:22:21,2024-04-03 14:27:29,IP Address,130.219.10.90,100,307,True,2024-04-03 14:27:30,R_5uyTwMegEhZT47T,,,,,40.4999,-74.4247,qr,EN,Jlb720,5,4,4,5,1,5,5,2,4,PM < 25 μm,Particles of this size reach the bronchial tree where they corrode the alveolar parenchyma.,"Cars,Dirt Roads,Fireplaces,Trucks",4,5,2,5,4,2,8,Differing access
2024-04-03 14:24:59,2024-04-03 14:27:43,IP Address,130.219.10.90,100,163,True,2024-04-03 14:27:43,R_5FlJZKyUcLiXuMD,,,,,40.4999,-74.4247,qr,EN,,3,3,2,4,1,1,2,1,2.5,PM < 1 μm,Particles of this size are generally absorbed in the respiratory tract and safely excreted in mucus.,Electric Vehicles,4,3,1,1,2,2,8,Hard to address
2024-04-03 14:23:18,2024-04-03 14:27:49,IP Address,128.6.37.5,100,270,True,2024-04-03 14:27:49,R_3TWYjYtp8TDMafD,,,,,40.5511,-74.4606,qr,EN,Sg1496,5,5,5,5,5,5,5,5,5,PM < 25 μm,Particles of this size reach the bronchial tree where they corrode the alveolar parenchyma.,"Cars,Dirt Roads,Electric Vehicles,Fireplaces,Pollen,Trucks",5,5,5,5,3,3,10,N/a
2024-04-03 14:22:23,2024-04-03 14:27:49,IP Address,128.6.36.242,100,326,True,2024-04-03 14:27:49,R_2mmekFbUinuQGsc,,,,,40.5511,-74.4606,qr,EN,kd699,5,5,4,5,3,3,5,1,2.5,PM < 1 μm,Particles of this size reach the bronchial tree where they corrode the alveolar parenchyma.,"Cars,Dirt Roads,Electric Vehicles,Fireplaces,Pollen,Trucks",5,3,5,2,5,4,10,"Because we cannot control or contribute much to their habits, lifestyle, financial situation, and social determinants outside of the clinic, I feel that giving effective and actionable advice is difficult. "
2024-04-03 14:22:26,2024-04-03 14:27:54,IP Address,172.59.208.190,100,328,True,2024-04-03 14:27:55,R_5jPmCUhAXSfTCtb,,,,,40.7641,-74.1654,qr,EN,,4,4,4,4,3,2,5,2,3,PM < 1 μm,Particles of this size are generally absorbed in the respiratory tract and safely excreted in mucus.,"Dirt Roads,Electric Vehicles,Fireplaces",5,4,4,2,4,4,9,
2024-04-03 14:22:22,2024-04-03 14:27:59,IP Address,128.6.36.109,100,336,True,2024-04-03 14:28:00,R_5Nno62CJvFGq90M,,,,,40.5511,-74.4606,qr,EN,Pnp43,4,3,3,3,2,3,4,3,2.5,PM < 1 μm,Particles of this size are generally absorbed in the respiratory tract and safely excreted in mucus.,Fireplaces,2,1,1,1,1,2,9,
2024-04-03 14:23:06,2024-04-03 14:28:01,IP Address,130.219.10.90,100,295,True,2024-04-03 14:28:02,R_2sB0aAIJxNR6r6n,,,,,40.4999,-74.4247,qr,EN,jp1579,4,5,,4,5,4,5,1,2,PM < 0.25 μm,Particles of this size are generally absorbed in the respiratory tract and safely excreted in mucus.,"Cars,Trucks",4,1,1,,2,5,8,"General knowledge would probably be the most difficult to break through. I can see patients being open to discussing environmental health, but practitioners might be hesitant to incorporate such questions"
2024-04-03 14:22:35,2024-04-03 14:28:12,IP Address,130.219.10.90,100,337,True,2024-04-03 14:28:13,R_6RfoLeBwXmQSWJz,,,,,40.4999,-74.4247,qr,EN,ka862,3,2,3,3,2,3,3,2,3.5,PM < 1 μm,Particles of this size include dust and pollen and are the main source of seasonal rhinitis,"Cars,Fireplaces,Pollen,Trucks",3,2,3,2,3,2,8,Lack of personal knowledge at this point
2024-04-03 13:54:05,2024-04-03 14:28:18,IP Address,104.28.58.9,100,2053,True,2024-04-03 14:28:19,R_31aA3whekP5UAZ8,,,,,40.5175,-74.3991,qr,EN,ag2230,5,4,4,5,3,3,4,3,3.5,PM < 1 μm,Particles of this size include dust and pollen and are the main source of seasonal rhinitis,"Cars,Dirt Roads,Trucks",3,1,3,3,5,5,7,"Timing constraints "
2024-04-03 14:26:08,2024-04-03 14:28:32,IP Address,174.229.210.227,100,143,True,2024-04-03 14:28:33,R_3hEZnxPSQnhVrjM,,,,,40.7869,-74.2535,qr,EN,klv59,3,3,3,3,3,1,4,2,3.5,PM < 1 μm,Particles of this size include dust and pollen and are the main source of seasonal rhinitis,"Cars,Trucks",3,3,3,3,4,3,7,None
2024-04-03 13:54:23,2024-04-03 14:28:54,IP Address,130.219.10.90,100,2070,True,2024-04-03 14:28:54,R_6tDPpA3gSPB4Tdj,,,,,40.4999,-74.4247,qr,EN,hs1154,4,3,5,3,2,5,4,1,3.5,PM < 2.5 μm,Particles of this size reach the bronchial tree where they corrode the alveolar parenchyma.,"Cars,Dirt Roads,Fireplaces,Pollen,Trucks",4,3,4,4,4,4,8,
2024-04-03 14:23:33,2024-04-03 14:28:59,IP Address,128.6.36.169,100,325,True,2024-04-03 14:29:00,R_1dvlW0x6VyL3Fct,,,,,40.5511,-74.4606,qr,EN,ak1863,4,2,5,1,2,2,5,2,4,PM < 2.5 μm,Particles of this size include dust and pollen and are the main source of seasonal rhinitis,"Cars,Pollen",4,2,3,3,3,3,6,"Living situation of patients "
2024-04-03 14:22:29,2024-04-03 14:29:16,IP Address,130.219.10.90,100,407,True,2024-04-03 14:29:17,R_3gnlYRGfpTnEUtA,,,,,40.4999,-74.4247,qr,EN,,5,2,4,4,3,5,5,3,3,PM < 25 μm,Particles of this size include dust and pollen and are the main source of seasonal rhinitis,"Cars,Electric Vehicles,Fireplaces",1,1,4,0,2,4,7,"Resource access of patients, thorough training, full knowledge of patient’s environment, time during appointment to address issues or get history on this topic"
2024-04-03 14:25:29,2024-04-03 14:29:45,IP Address,174.229.209.107,100,255,True,2024-04-03 14:29:45,R_3C3FsOEOT8HkRuq,,,,,40.7869,-74.2535,qr,EN,Rc1451,5,5,5,5,4,4,5,3,4,PM < 0.25 μm,Particles of this size include dust and pollen and are the main source of seasonal rhinitis,Electric Vehicles,3,1,2,5,5,5,10,"My knowledge of the matter and specific protocols "
2024-04-03 14:23:38,2024-04-03 14:30:31,IP Address,130.219.10.90,100,412,True,2024-04-03 14:30:31,R_5e3Nkt7NaEMNSDe,,,,,40.4999,-74.4247,qr,EN,et519,3,4,3,4,4,3,4,2,3.5,PM < 10 μm,Particles of this diameter are unable to be suspended in air.,"Dirt Roads,Electric Vehicles,Fireplaces,Pollen",3,1,2,2,2,2,5,
2024-04-03 14:24:43,2024-04-03 14:30:52,IP Address,130.219.10.90,100,369,True,2024-04-03 14:30:53,R_7YYrUbZrbvMZ6PE,,,,,40.4999,-74.4247,qr,EN,anh90,4,5,5,5,5,5,5,5,1.5,PM < 1 μm,Particles of this diameter are unable to be suspended in air.,Cars,4,4,4,4,4,4,8,
2024-04-03 14:22:27,2024-04-03 14:31:07,IP Address,130.219.10.90,100,520,True,2024-04-03 14:31:08,R_3PFyHEAO0Y5aTUT,,,,,40.4999,-74.4247,qr,EN,,3,3,2,2,2,1,3,2,4,PM < 0.05 μm,Particles of this size are generally absorbed in the respiratory tract and safely excreted in mucus.,"Cars,Dirt Roads,Electric Vehicles,Fireplaces",2,1,1,1,2,3,5,
2024-04-03 14:25:09,2024-04-03 14:32:14,IP Address,130.219.10.90,100,424,True,2024-04-03 14:32:15,R_7YBi2OIudjMQIY9,,,,,40.4999,-74.4247,qr,EN,Ns813,1,1,3,,,0,5,1,2.5,PM < 0.25 μm,Particles of this size include dust and pollen and are the main source of seasonal rhinitis,Fireplaces,3,1,3,1,4,4,8,"Lack of time, education level of patient, lack of attention/indifference towards the subject matter"
2024-04-03 14:22:40,2024-04-03 14:33:52,IP Address,128.6.37.213,100,672,True,2024-04-03 14:33:53,R_21oXMm6XKxJsczk,,,,,40.5511,-74.4606,qr,EN,si146,4,3,5,5,3,4,5,2,2.5,PM < 2.5 μm,Particles of this diameter are unable to be suspended in air.,"Cars,Trucks",2,1,1,1,2,2,6,Lack of training or awareness
2024-04-03 13:53:42,2024-04-03 14:34:09,IP Address,130.219.10.90,100,2427,True,2024-04-03 14:34:09,R_30cmmUJSw6YdL8N,,,,,40.4999,-74.4247,qr,EN,rs2128,4,5,3,4,3,3,5,2,4.5,PM < 0.25 μm,Particles of this size include dust and pollen and are the main source of seasonal rhinitis,Fireplaces,4,1,2,3,4,3,10,"Understanding and access to available resources "
2024-04-03 14:22:27,2024-04-03 14:34:10,IP Address,130.219.10.90,100,703,True,2024-04-03 14:34:11,R_1Ic9mjlj9d5FrRn,,,,,40.4999,-74.4247,qr,EN,ij91,5,5,5,5,2,5,5,3,3,PM < 0.05 μm,Particles of this size reach the bronchial tree where they corrode the alveolar parenchyma.,"Cars,Fireplaces,Trucks",5,3,5,2,5,4,8,"Patient denial of environmental impact on health

Not having any helpful recourse for those suffering from community/environmental health impacts"
2024-04-03 14:22:21,2024-04-03 14:44:06,IP Address,130.219.10.90,100,1304,True,2024-04-03 14:44:06,R_5LpdB5oE6bHzfzj,,,,,40.4999,-74.4247,qr,EN,,4,4,5,5,4,4,4,3,2,PM < 0.25 μm,Particles of this size reach the bronchial tree where they corrode the alveolar parenchyma.,"Cars,Dirt Roads,Fireplaces,Pollen,Trucks",2,3,3,2,3,3,7,
2024-04-03 14:25:34,2024-04-03 14:44:54,IP Address,130.219.10.90,100,1160,True,2024-04-03 14:44:55,R_2Lko5RHI0yONhwB,,,,,40.4999,-74.4247,qr,EN,ABD100,3,5,3,3,2,4,5,1,2.5,PM < 10 μm,Particles of this size are generally absorbed in the respiratory tract and safely excreted in mucus.,"Cars,Fireplaces,Trucks",1,1,2,,2,3,4,
2024-04-03 14:22:25,2024-04-03 14:46:11,IP Address,130.219.10.90,100,1426,True,2024-04-03 14:46:12,R_549xeisITTJikRX,,,,,40.4999,-74.4247,qr,EN,Dv427,5,5,2,4,2,1,5,3,2.5,PM < 0.25 μm,Particles of this size reach the bronchial tree where they corrode the alveolar parenchyma.,"Cars,Pollen,Trucks",2,5,2,4,3,5,6,
2024-04-03 14:22:17,2024-04-03 14:22:34,IP Address,128.6.37.124,9,16,False,2024-04-10 14:22:35,R_3Vpx9isMgsC9u8H,,,,,,,qr,EN,,,,,,,,,,,,,,,,,,,,,
2024-04-03 14:22:26,2024-04-03 14:22:49,IP Address,130.219.10.90,9,23,False,2024-04-10 14:22:52,R_5pFjOezJFdGbQaj,,,,,,,qr,EN,,,,,,,,,,,,,,,,,,,,,
2024-04-03 14:22:23,2024-04-03 14:22:51,IP Address,128.6.37.134,9,27,False,2024-04-10 14:22:57,R_3CTNxppOzubvAwP,,,,,,,qr,EN,,,,,,,,,,,,,,,,,,,,,
2024-04-03 14:22:39,2024-04-03 14:23:14,IP Address,130.219.10.90,9,34,False,2024-04-10 14:23:17,R_5HdZL8KpNAWWTPe,,,,,,,qr,EN,,,,,,,,,,,,,,,,,,,,,
2024-04-03 14:22:21,2024-04-03 14:23:30,IP Address,130.219.10.90,9,68,False,2024-04-10 14:23:32,R_5r2L3tHMXRQFAdr,,,,,,,qr,EN,,,,,,,,,,,,,,,,,,,,,
2024-04-03 14:23:27,2024-04-03 14:24:02,IP Address,174.193.1.194,9,34,False,2024-04-10 14:24:03,R_13y8fxgrYvoa9GY,,,,,,,qr,EN,,,,,,,,,,,,,,,,,,,,,
2024-04-03 14:22:25,2024-04-03 14:24:01,IP Address,130.219.10.90,55,96,False,2024-04-10 14:24:07,R_55yEdchcfwGlXh6,,,,,,,qr,EN,Zr133,2,1,1,,1,4,5,1,3,PM < 0.05 μm,,,,,,,,,,
2024-04-03 14:22:35,2024-04-03 14:24:05,IP Address,104.28.56.10,55,89,False,2024-04-10 14:24:08,R_7ete93RQ9twj6Xn,,,,,,,qr,EN,,2,3,3,1,1,2,3,2,1,PM < 10 μm,,,,,,,,,,
2024-04-03 14:22:23,2024-04-03 14:24:10,IP Address,130.219.10.90,55,107,False,2024-04-10 14:24:13,R_5JtsjLMb4KGNB0G,,,,,,,qr,EN,,5,5,5,5,5,5,5,5,3.5,PM < 2.5 μm,,,,,,,,,,
2024-04-03 14:24:19,2024-04-03 14:24:25,IP Address,174.249.84.30,9,6,False,2024-04-10 14:24:30,R_3SyEyqXocACkbFD,,,,,,,qr,EN,,,,,,,,,,,,,,,,,,,,,
2024-04-03 14:24:42,2024-04-03 14:24:50,IP Address,128.6.36.100,9,8,False,2024-04-10 14:24:53,R_2FKue7WYjd0dH94,,,,,,,qr,EN,,,,,,,,,,,,,,,,,,,,,
2024-04-03 14:22:19,2024-04-03 14:25:04,IP Address,130.219.10.90,9,165,False,2024-04-10 14:25:05,R_5HnxhrDbFprrtFM,,,,,,,qr,EN,,,,,,,,,,,,,,,,,,,,,
2024-04-03 14:25:17,2024-04-03 14:25:40,IP Address,108.145.161.24,9,22,False,2024-04-10 14:25:42,R_2qqAVhT76mRJHKP,,,,,,,qr,EN,,,,,,,,,,,,,,,,,,,,,
2024-04-03 14:22:29,2024-04-03 14:26:40,IP Address,174.229.209.122,55,250,False,2024-04-10 14:26:41,R_3ahECIXHSybJhG9,,,,,,,qr,EN,ef208,4,5,1,3,4,3,5,2,3.5,PM < 2.5 μm,,,,,,,,,,
2024-04-03 14:22:33,2024-04-03 14:43:24,IP Address,128.6.37.157,9,1251,False,2024-04-10 14:43:28,R_2dZgK6kISfIIxiO,,,,,,,qr,EN,,,,,,,,,,,,,,,,,,,,,
2024-04-03 14:43:22,2024-04-03 14:43:30,IP Address,128.6.37.83,9,8,False,2024-04-10 14:43:33,R_2ZEO2gB671Si2Ej,,,,,,,qr,EN,,,,,,,,,,,,,,,,,,,,,
