StartDate,EndDate,Status,IPAddress,Progress,Duration (in seconds),Finished,RecordedDate,ResponseId,RecipientLastName,RecipientFirstName,RecipientEmail,ExternalReference,LocationLatitude,LocationLongitude,DistributionChannel,UserLanguage,Q1,Q2_1,Q3_1,Q3_2,Q3_3,Q3_4,Q3_5,Q3_6,Q3_7,Q4_1,Q5,Q6,Q7,Q8_1,Q8_2,Q8_3,Q8_4,Q8_5,Q8_6,Q9_1,Q10
Start Date,End Date,Response Type,IP Address,Progress,Duration (in seconds),Finished,Recorded Date,Response ID,Recipient Last Name,Recipient First Name,Recipient Email,External Data Reference,Location Latitude,Location Longitude,Distribution Channel,User Language,NetID,How much of an impact do you believe that climate change will have on human health in your lifetime? - Impact,"For each of the following specialties,  impacted by climate change, do you believe each of the following specialties will be? (Please rank on a scale of 0 - 5) - Cardiology","For each of the following specialties,  impacted by climate change, do you believe each of the following specialties will be? (Please rank on a scale of 0 - 5) - Dermatology","For each of the following specialties,  impacted by climate change, do you believe each of the following specialties will be? (Please rank on a scale of 0 - 5) - Infectious Disease","For each of the following specialties,  impacted by climate change, do you believe each of the following specialties will be? (Please rank on a scale of 0 - 5) - Neurology","For each of the following specialties,  impacted by climate change, do you believe each of the following specialties will be? (Please rank on a scale of 0 - 5) - Psychiatry","For each of the following specialties,  impacted by climate change, do you believe each of the following specialties will be? (Please rank on a scale of 0 - 5) - Pulmonology","For each of the following specialties,  impacted by climate change, do you believe each of the following specialties will be? (Please rank on a scale of 0 - 5) - Surgery & Subspecialties",What is the approximate relative risk (RR) for developing asthma in children living in urban areas compared to those living in rural areas? (RR = Urban Risk/Rural Risk) - Relative Risk,"Particulates of all sizes are suspended in the air we breathe. “PM #” indicates all particulate matter (PM) below a certain diameter (#).  So, PM 70 would indicate all particulates 

 Which PM size is most dangerous to human health?


 **Halfway…it’s all down hill from here**",What happens to particles that are > 25 μm in diameter (PM > 25) when we breath them in?,Which of the following sources can emit PM 2.5? (check all that apply),Please rate how likely you are to ascertaining exposure to each of the following potential environmental health risk factors in your future patients? - Source of Drinking Water,Please rate how likely you are to ascertaining exposure to each of the following potential environmental health risk factors in your future patients? - Forest Fire Exposure,Please rate how likely you are to ascertaining exposure to each of the following potential environmental health risk factors in your future patients? - Access to Air Conditioning,Please rate how likely you are to ascertaining exposure to each of the following potential environmental health risk factors in your future patients? - Back-up for Power Outage,Please rate how likely you are to ascertaining exposure to each of the following potential environmental health risk factors in your future patients? - Access of Heat in Winter,Please rate how likely you are to ascertaining exposure to each of the following potential environmental health risk factors in your future patients? - Rural vs. Urban Living,How important do you believe that taking an environmental health history (please reference previous question) is for primary care physicians? - Not at all important,Please describe any area of environmental medicine you would be interested in learning more about! (Can include topics covered in the EH lecture)
"{""ImportId"":""startDate"",""timeZone"":""America/New_York""}","{""ImportId"":""endDate"",""timeZone"":""America/New_York""}","{""ImportId"":""status""}","{""ImportId"":""ipAddress""}","{""ImportId"":""progress""}","{""ImportId"":""duration""}","{""ImportId"":""finished""}","{""ImportId"":""recordedDate"",""timeZone"":""America/New_York""}","{""ImportId"":""_recordId""}","{""ImportId"":""recipientLastName""}","{""ImportId"":""recipientFirstName""}","{""ImportId"":""recipientEmail""}","{""ImportId"":""externalDataReference""}","{""ImportId"":""locationLatitude""}","{""ImportId"":""locationLongitude""}","{""ImportId"":""distributionChannel""}","{""ImportId"":""userLanguage""}","{""ImportId"":""QID1_TEXT""}","{""ImportId"":""QID11_8""}","{""ImportId"":""QID5_1""}","{""ImportId"":""QID5_2""}","{""ImportId"":""QID5_3""}","{""ImportId"":""QID5_7""}","{""ImportId"":""QID5_8""}","{""ImportId"":""QID5_9""}","{""ImportId"":""QID5_4""}","{""ImportId"":""QID6_1""}","{""ImportId"":""QID3""}","{""ImportId"":""QID4""}","{""ImportId"":""QID7""}","{""ImportId"":""QID2_1""}","{""ImportId"":""QID2_3""}","{""ImportId"":""QID2_5""}","{""ImportId"":""QID2_6""}","{""ImportId"":""QID2_7""}","{""ImportId"":""QID2_9""}","{""ImportId"":""QID10_1""}","{""ImportId"":""QID12_TEXT""}"
2024-04-03 14:43:20,2024-04-03 14:44:25,IP Address,128.6.37.4,100,65,True,2024-04-03 14:44:26,R_57vQJ0wEJwDgXDO,,,,,40.5511,-74.4606,qr,EN,akr83,5,4,4,4,4,4,4,4,4.5,PM < 2.5 μm,Particles of this size are generally absorbed in the respiratory tract and safely excreted in mucus.,"Cars,Dirt Roads,Fireplaces,Pollen,Trucks",4,4,4,4,4,4,10,
2024-04-03 14:43:32,2024-04-03 14:44:27,IP Address,128.6.36.100,100,54,True,2024-04-03 14:44:27,R_5wcO3NYAOWKh2O4,,,,,40.5511,-74.4606,qr,EN,,5,5,5,5,5,5,5,5,5,PM < 2.5 μm,Particles of this size reach the bronchial tree where they corrode the alveolar parenchyma.,"Cars,Fireplaces,Trucks",5,5,5,4,4,5,10,
2024-04-03 14:43:23,2024-04-03 14:44:27,IP Address,130.219.10.90,100,64,True,2024-04-03 14:44:28,R_2CjMvuOk0LhPnKY,,,,,40.4999,-74.4247,qr,EN,,5,4,5,5,3,5,5,3,3.5,PM < 2.5 μm,Particles of this size reach the bronchial tree where they corrode the alveolar parenchyma.,"Cars,Fireplaces,Trucks",2,2,4,4,5,3,6,
2024-04-03 14:43:25,2024-04-03 14:44:36,IP Address,128.6.37.204,100,71,True,2024-04-03 14:44:36,R_5rutjk3LjBRn4Wh,,,,,40.5511,-74.4606,qr,EN,zl403,5,5,5,5,5,5,5,5,3,PM < 2.5 μm,Particles of this size are generally absorbed in the respiratory tract and safely excreted in mucus.,"Cars,Dirt Roads,Electric Vehicles,Fireplaces,Pollen,Trucks",5,5,5,5,5,5,10,
2024-04-03 14:43:24,2024-04-03 14:44:38,IP Address,174.230.183.46,100,74,True,2024-04-03 14:44:39,R_7HTxJ6UyMf6xYrw,,,,,40.8022,-74.1914,qr,EN,sg1943,5,5,5,5,5,4,5,3,4,PM < 0.25 μm,Particles of this size are generally absorbed in the respiratory tract and safely excreted in mucus.,"Cars,Dirt Roads,Fireplaces",4,4,5,4,4,5,8,
2024-04-03 14:43:35,2024-04-03 14:44:39,IP Address,128.6.37.0,100,64,True,2024-04-03 14:44:39,R_5kvwX4NMeLH0fqG,,,,,40.5511,-74.4606,qr,EN,sr1124,5,5,5,5,4,4,5,5,3,PM < 2.5 μm,Particles of this size reach the bronchial tree where they corrode the alveolar parenchyma.,Cars,4,4,3,3,3,5,10,
2024-04-03 14:43:31,2024-04-03 14:44:46,IP Address,128.6.37.30,100,75,True,2024-04-03 14:44:47,R_3HuNpzjdjbF4dcl,,,,,40.5511,-74.4606,qr,EN,sb2494,5,4,4,5,2,5,5,3,3,PM < 2.5 μm,Particles of this size are generally absorbed in the respiratory tract and safely excreted in mucus.,"Cars,Dirt Roads,Electric Vehicles,Fireplaces,Pollen,Trucks",4,4,5,4,5,5,8,
2024-04-03 14:43:28,2024-04-03 14:44:46,IP Address,130.219.10.90,100,77,True,2024-04-03 14:44:47,R_5LjpEktoSmUXnOW,,,,,40.4999,-74.4247,qr,EN,de252,4,4,4,5,4,4,4,2,2.5,PM < 2.5 μm,Particles of this size are generally absorbed in the respiratory tract and safely excreted in mucus.,"Cars,Dirt Roads,Electric Vehicles,Fireplaces,Pollen,Trucks",4,4,4,4,4,4,6,
2024-04-03 14:43:19,2024-04-03 14:44:48,IP Address,130.219.10.90,100,88,True,2024-04-03 14:44:48,R_4TWQC4LLfodvLgs,,,,,40.4999,-74.4247,qr,EN,Mm3555,5,5,5,5,5,5,5,4,5,PM < 2.5 μm,Particles of this size are generally absorbed in the respiratory tract and safely excreted in mucus.,"Cars,Fireplaces,Trucks",5,5,5,5,5,5,10,
2024-04-03 14:43:33,2024-04-03 14:44:54,IP Address,130.219.10.90,100,81,True,2024-04-03 14:44:55,R_2SDGeH4jLUbbDD1,,,,,40.4999,-74.4247,qr,EN,,4,4,3,4,4,2,4,3,3,PM < 2.5 μm,Particles of this size are generally absorbed in the respiratory tract and safely excreted in mucus.,"Cars,Fireplaces",5,4,5,4,4,5,9,
2024-04-03 14:43:26,2024-04-03 14:44:55,IP Address,130.219.10.90,100,89,True,2024-04-03 14:44:55,R_5X5cJ16jjObQywF,,,,,40.4999,-74.4247,qr,EN,Jmd615,5,5,5,5,5,5,5,5,2,PM < 2.5 μm,Particles of this size are generally absorbed in the respiratory tract and safely excreted in mucus.,"Cars,Dirt Roads,Fireplaces,Pollen,Trucks",4,4,4,4,3,5,9,
2024-04-03 14:43:25,2024-04-03 14:44:56,IP Address,130.219.10.90,100,90,True,2024-04-03 14:44:56,R_7stqfH0l7Z6PVYB,,,,,40.4999,-74.4247,qr,EN,dkd74,5,5,5,5,5,5,5,5,5,PM < 2.5 μm,Particles of this size reach the bronchial tree where they corrode the alveolar parenchyma.,"Cars,Dirt Roads,Fireplaces,Trucks",3,5,2,4,3,3,10,I would love to learn more!!
2024-04-03 14:43:39,2024-04-03 14:44:57,IP Address,128.6.37.32,100,77,True,2024-04-03 14:44:57,R_6jSWunXGYzTsOMv,,,,,40.5511,-74.4606,qr,EN,Tm965,5,5,5,5,5,5,5,5,3,PM < 0.25 μm,Particles of this size reach the bronchial tree where they corrode the alveolar parenchyma.,Electric Vehicles,1,1,1,1,1,1,10,
2024-04-03 14:43:24,2024-04-03 14:44:57,IP Address,130.219.10.90,100,93,True,2024-04-03 14:44:58,R_7lt2ek3r79suYfB,,,,,40.4999,-74.4247,qr,EN,ag1721,5,5,5,5,5,5,5,5,5,PM < 0.25 μm,Particles of this size are generally absorbed in the respiratory tract and safely excreted in mucus.,"Cars,Electric Vehicles,Fireplaces,Trucks",5,5,5,5,5,5,10,
2024-04-03 14:43:40,2024-04-03 14:44:58,IP Address,130.156.160.177,100,77,True,2024-04-03 14:44:58,R_3o1naE3on026TKE,,,,,40.5511,-74.4606,qr,EN,Me545,5,4,5,5,5,5,5,4,3.5,PM < 2.5 μm,Particles of this size reach the bronchial tree where they corrode the alveolar parenchyma.,Cars,5,5,5,5,5,5,10,
2024-04-03 14:43:26,2024-04-03 14:44:58,IP Address,130.219.10.90,100,91,True,2024-04-03 14:44:59,R_2gg27FvXnlrpKlH,,,,,40.4999,-74.4247,qr,EN,,3,4,2,3,1,1,5,1,3,PM < 2.5 μm,Particles of this size include dust and pollen and are the main source of seasonal rhinitis,"Cars,Trucks",3,5,2,1,1,2,9,Global warming
2024-04-03 14:43:29,2024-04-03 14:45:00,IP Address,128.6.37.241,100,90,True,2024-04-03 14:45:00,R_2X7EjSogTtaaZWh,,,,,40.5511,-74.4606,qr,EN,rp1376,5,5,5,5,5,5,5,5,2.5,PM < 0.25 μm,Particles of this size are generally absorbed in the respiratory tract and safely excreted in mucus.,Cars,5,5,5,5,5,5,10,
2024-04-03 14:43:36,2024-04-03 14:45:00,IP Address,130.219.10.90,100,84,True,2024-04-03 14:45:01,R_5kPUoWhCEHLZkv7,,,,,40.4999,-74.4247,qr,EN,jp1579,5,4,0,3,4,4,5,,2,PM < 2.5 μm,Particles of this size are generally absorbed in the respiratory tract and safely excreted in mucus.,"Cars,Fireplaces,Trucks",4,3,,1,1,5,8,
2024-04-03 14:43:38,2024-04-03 14:45:02,IP Address,130.219.10.90,100,83,True,2024-04-03 14:45:02,R_2ssFVpyim2obWyY,,,,,40.4999,-74.4247,qr,EN,"Nc879 ",5,4,3,3,2,2,5,4,2.5,PM < 2.5 μm,Particles of this size reach the bronchial tree where they corrode the alveolar parenchyma.,"Cars,Dirt Roads,Fireplaces,Trucks",1,1,4,3,3,5,9,
2024-04-03 14:43:23,2024-04-03 14:45:06,IP Address,130.219.10.90,100,102,True,2024-04-03 14:45:06,R_4wJHagKHJpTK2wp,,,,,40.4999,-74.4247,qr,EN,,4,4,4,4,4,4,4,4,2,PM < 0.25 μm,Particles of this diameter are unable to be suspended in air.,"Cars,Dirt Roads,Electric Vehicles,Fireplaces,Pollen,Trucks",3,4,3,3,3,3,7,
2024-04-03 14:43:28,2024-04-03 14:45:07,IP Address,130.219.10.90,100,99,True,2024-04-03 14:45:07,R_2cAe9f1epbkbKBV,,,,,40.4999,-74.4247,qr,EN,,4,5,5,5,4,5,5,4,3.5,PM < 25 μm,Particles of this size reach the bronchial tree where they corrode the alveolar parenchyma.,"Cars,Dirt Roads,Fireplaces,Pollen,Trucks",4,4,4,4,4,4,9,Heat waves and MI risk
2024-04-03 14:43:26,2024-04-03 14:45:08,IP Address,174.204.130.26,100,101,True,2024-04-03 14:45:08,R_2YqXtUUFIithpal,,,,,40.7809,-73.9502,qr,EN,Ka833,5,4,3,5,3,2,4,,4.5,PM < 2.5 μm,Particles of this diameter are unable to be suspended in air.,"Cars,Dirt Roads,Fireplaces,Trucks",5,5,2,2,3,4,9,How to ask patients about impacts of environmental factors
2024-04-03 14:43:31,2024-04-03 14:45:13,IP Address,174.230.184.193,100,101,True,2024-04-03 14:45:13,R_5M0OCkXS7bdfWG4,,,,,40.7747,-74.2274,qr,EN,ew325,5,4,5,5,4,4,5,4,3,PM < 2.5 μm,Particles of this diameter are unable to be suspended in air.,"Cars,Dirt Roads,Electric Vehicles,Fireplaces,Trucks",4,4,4,4,4,4,10,
2024-04-03 14:43:26,2024-04-03 14:45:13,IP Address,104.28.55.227,100,107,True,2024-04-03 14:45:14,R_63RfAMntLPOKnvj,,,,,40.7653,-73.9589,qr,EN,Es1210,4,4,3,5,2,2,5,3,3,PM < 2.5 μm,Particles of this size are generally absorbed in the respiratory tract and safely excreted in mucus.,"Cars,Dirt Roads,Electric Vehicles,Fireplaces,Pollen,Trucks",4,5,3,4,3,5,7,N/a
2024-04-03 14:43:22,2024-04-03 14:45:15,IP Address,104.28.58.10,100,113,True,2024-04-03 14:45:16,R_5hsYMEf42wmk61G,,,,,40.3846,-74.1754,qr,EN,Ag2230,5,5,5,5,4,4,5,3,3,PM < 2.5 μm,Particles of this size reach the bronchial tree where they corrode the alveolar parenchyma.,"Cars,Dirt Roads,Trucks",3,3,3,3,5,4,8,"Water contamination "
2024-04-03 14:43:35,2024-04-03 14:45:16,IP Address,128.6.36.81,100,101,True,2024-04-03 14:45:17,R_27Qh1c3jYS2KmZF,,,,,40.5511,-74.4606,qr,EN,sv522,5,5,5,5,4,4,5,3,2.5,PM < 2.5 μm,Particles of this diameter are unable to be suspended in air.,"Dirt Roads,Pollen",4,2,3,3,2,4,8,
2024-04-03 14:40:48,2024-04-03 14:45:17,IP Address,130.219.10.90,100,268,True,2024-04-03 14:45:17,R_3qCkQ88lWqkJsd5,,,,,40.4999,-74.4247,anonymous,EN,Ss4567,5,3,4,5,3,5,5,3,3,PM < 2.5 μm,Particles of this size are generally absorbed in the respiratory tract and safely excreted in mucus.,"Cars,Fireplaces,Trucks",3,2,4,1,4,5,10,"I’m curious to hear more about projections for which specialities might be most affected by climate change and what health risks are most anticipated as a result "
2024-04-03 14:43:34,2024-04-03 14:45:19,IP Address,128.6.36.169,100,104,True,2024-04-03 14:45:19,R_5RQXnfmcMuZHXI0,,,,,40.5511,-74.4606,qr,EN,ak1863,5,3,5,4,3,3,5,2,3,PM < 25 μm,Particles of this size reach the bronchial tree where they corrode the alveolar parenchyma.,"Cars,Dirt Roads,Fireplaces,Pollen,Trucks",5,4,4,4,4,4,8,Complications associated with carbon emissions
2024-04-03 14:43:45,2024-04-03 14:45:22,IP Address,130.219.10.90,100,97,True,2024-04-03 14:45:22,R_7lNlt9DjMWAqezv,,,,,40.4999,-74.4247,qr,EN,Wc614,5,5,5,5,5,5,5,5,3,PM < 2.5 μm,Particles of this size are generally absorbed in the respiratory tract and safely excreted in mucus.,"Cars,Dirt Roads,Trucks",5,5,5,5,5,5,10,
2024-04-03 14:43:34,2024-04-03 14:45:24,IP Address,104.28.55.233,100,110,True,2024-04-03 14:45:25,R_1dR7xNsNE2YroTE,,,,,40.7652,-73.9588,qr,EN,,5,4,3,4,3,3,5,3,3.5,PM < 2.5 μm,Particles of this diameter are unable to be suspended in air.,"Cars,Dirt Roads,Electric Vehicles,Fireplaces,Pollen,Trucks",3,3,3,3,3,3,10,n/a
2024-04-03 14:43:39,2024-04-03 14:45:27,IP Address,128.6.37.62,100,107,True,2024-04-03 14:45:28,R_6azqf1xTtkQzi6f,,,,,40.5511,-74.4606,qr,EN,Dtl59,5,2,5,3,5,5,5,2,,PM < 2.5 μm,Particles of this size are generally absorbed in the respiratory tract and safely excreted in mucus.,"Cars,Fireplaces,Trucks",3,3,3,3,3,3,8,
2024-04-03 14:43:33,2024-04-03 14:45:28,IP Address,174.229.214.15,100,115,True,2024-04-03 14:45:29,R_2dAObVXK6u3iYxP,,,,,40.7873,-74.3211,qr,EN,Psr53,5,5,5,5,5,5,5,5,4,PM < 2.5 μm,Particles of this size are generally absorbed in the respiratory tract and safely excreted in mucus.,"Cars,Dirt Roads,Fireplaces,Pollen,Trucks",5,5,5,5,5,5,10,More resources
2024-04-03 14:43:24,2024-04-03 14:45:29,IP Address,130.219.10.90,100,125,True,2024-04-03 14:45:29,R_7XowSw5bzCtxIHv,,,,,40.4999,-74.4247,qr,EN,jlb720,5,3,3,5,1,5,5,1,3.5,PM < 2.5 μm,Particles of this diameter are unable to be suspended in air.,"Cars,Trucks",4,4,3,3,4,3,9,"Differing access "
2024-04-03 14:43:37,2024-04-03 14:45:32,IP Address,128.6.37.136,100,114,True,2024-04-03 14:45:32,R_2rS3EfzVEdULRka,,,,,40.5511,-74.4606,qr,EN,my405,3,4,2,3,2,2,5,2,2.5,PM < 2.5 μm,Particles of this size are generally absorbed in the respiratory tract and safely excreted in mucus.,Cars,1,3,3,3,3,,8,
2024-04-03 14:43:40,2024-04-03 14:45:33,IP Address,146.75.245.38,100,112,True,2024-04-03 14:45:33,R_5pscT83fKuhsgWc,,,,,40.5511,-74.4606,qr,EN,Jg1512,5,5,4,4,2,3,5,3,2,PM < 2.5 μm,Particles of this size are generally absorbed in the respiratory tract and safely excreted in mucus.,"Cars,Trucks",4,3,4,4,4,4,7,"Laws and guidelines to help our patients if they do disclose a work place exposure "
2024-04-03 14:43:36,2024-04-03 14:45:33,IP Address,130.219.10.90,100,117,True,2024-04-03 14:45:34,R_5nOMzmK2DyC6NsF,,,,,40.4999,-74.4247,qr,EN,,4,4,4,4,4,4,5,3,3,PM < 2.5 μm,Particles of this size are generally absorbed in the respiratory tract and safely excreted in mucus.,"Cars,Fireplaces",4,3,4,3,3,4,8,
2024-04-03 14:43:25,2024-04-03 14:45:36,IP Address,130.219.10.90,100,131,True,2024-04-03 14:45:37,R_5fU46C6LnXC7HQR,,,,,40.4999,-74.4247,qr,EN,hs1154,5,4,5,4,3,4,4,1,3.5,PM < 2.5 μm,Particles of this size reach the bronchial tree where they corrode the alveolar parenchyma.,"Cars,Dirt Roads,Fireplaces,Pollen,Trucks",5,3,4,4,4,3,9,
2024-04-03 14:43:26,2024-04-03 14:45:36,IP Address,130.219.10.90,100,130,True,2024-04-03 14:45:37,R_3nMsPXBzgrvmmbv,,,,,40.4999,-74.4247,qr,EN,ij91,5,5,4,5,3,2,5,3,3,PM < 2.5 μm,Particles of this size reach the bronchial tree where they corrode the alveolar parenchyma.,"Cars,Fireplaces,Trucks",4,4,4,2,5,3,9,
2024-04-03 14:43:31,2024-04-03 14:45:38,IP Address,128.6.36.117,100,126,True,2024-04-03 14:45:38,R_37Gm9RsObQZfZAZ,,,,,40.5511,-74.4606,qr,EN,rp933,4,3,3,5,3,4,5,4,3,PM < 2.5 μm,Particles of this size are generally absorbed in the respiratory tract and safely excreted in mucus.,"Cars,Fireplaces,Trucks",3,2,2,3,2,4,7,
2024-04-03 14:43:25,2024-04-03 14:45:42,IP Address,130.219.10.90,100,136,True,2024-04-03 14:45:42,R_7NOEQsaUp52caAc,,,,,40.4999,-74.4247,qr,EN,Co384,5,4,3,4,2,2,4,2,3,PM < 2.5 μm,Particles of this size reach the bronchial tree where they corrode the alveolar parenchyma.,"Cars,Dirt Roads,Fireplaces,Pollen,Trucks",3,4,4,3,3,4,10,"Connection with cancer incidence. "
2024-04-03 14:43:27,2024-04-03 14:45:42,IP Address,174.229.209.107,100,135,True,2024-04-03 14:45:43,R_543WOlQoLiXuZX3,,,,,40.7869,-74.2535,qr,EN,Rc1451,5,4,5,4,4,4,5,2,4,PM < 0.25 μm,Particles of this diameter are unable to be suspended in air.,Fireplaces,4,1,3,3,4,5,10,"Environmental health and health disparities and quick tools we can use to help route resources based on hazards "
2024-04-03 14:43:33,2024-04-03 14:45:42,IP Address,130.219.10.90,100,129,True,2024-04-03 14:45:43,R_25yLhOzUazsjSpK,,,,,40.4999,-74.4247,qr,EN,anh90,5,5,5,5,5,5,5,5,1.5,PM < 1 μm,Particles of this diameter are unable to be suspended in air.,Cars,5,5,5,5,5,5,4,"Lead poisoning "
2024-04-03 14:43:31,2024-04-03 14:45:42,IP Address,130.219.10.90,100,131,True,2024-04-03 14:45:43,R_5KmZffz4e84PVmx,,,,,40.4999,-74.4247,qr,EN,Ok164,5,5,5,5,5,5,5,5,3.5,PM < 2.5 μm,Particles of this size reach the bronchial tree where they corrode the alveolar parenchyma.,"Cars,Dirt Roads,Electric Vehicles,Fireplaces,Pollen,Trucks",2,2,2,2,2,2,8,"Influence on psychiatric conditions "
2024-04-03 14:44:20,2024-04-03 14:45:44,IP Address,128.6.36.87,100,83,True,2024-04-03 14:45:44,R_3gnJCYDlShBJEk4,,,,,40.5511,-74.4606,qr,EN,jf1142,5,5,5,5,5,5,5,5,1.5,PM < 10 μm,Particles of this size reach the bronchial tree where they corrode the alveolar parenchyma.,"Cars,Dirt Roads,Electric Vehicles,Fireplaces,Pollen,Trucks",5,5,5,5,5,5,10,
2024-04-03 14:43:23,2024-04-03 14:45:49,IP Address,130.219.10.90,100,145,True,2024-04-03 14:45:49,R_209W7o7XhjkxDX3,,,,,40.4999,-74.4247,qr,EN,,5,5,5,5,5,5,5,5,3,PM < 2.5 μm,Particles of this size are generally absorbed in the respiratory tract and safely excreted in mucus.,"Cars,Fireplaces,Trucks",5,5,5,5,5,5,10,All of it!
2024-04-03 14:43:28,2024-04-03 14:45:49,IP Address,128.6.36.67,100,141,True,2024-04-03 14:45:50,R_3nl2C5cFfJeocex,,,,,40.5511,-74.4606,qr,EN,acp214,5,5,5,5,5,5,5,5,3,PM < 2.5 μm,Particles of this diameter are unable to be suspended in air.,"Cars,Fireplaces,Trucks",5,5,5,5,5,5,10,"More climate change "
2024-04-03 14:43:40,2024-04-03 14:45:53,IP Address,130.219.10.90,100,133,True,2024-04-03 14:45:54,R_2Rp8GgQpfI0w2fn,,,,,40.4999,-74.4247,qr,EN,mi360,5,5,5,5,5,5,5,5,3,PM < 0.25 μm,Particles of this size reach the bronchial tree where they corrode the alveolar parenchyma.,"Cars,Dirt Roads,Electric Vehicles,Fireplaces,Pollen,Trucks",3,3,2,3,3,3,10,
2024-04-03 14:43:23,2024-04-03 14:46:03,IP Address,128.6.37.50,100,159,True,2024-04-03 14:46:03,R_3zZwiWE2m3wh8g6,,,,,40.5511,-74.4606,qr,EN,mwn29,4,4,4,4,4,4,4,4,3,PM < 2.5 μm,Particles of this diameter are unable to be suspended in air.,"Cars,Fireplaces,Trucks",2,2,2,2,2,2,7,Infectious vector habitats getting larger
2024-04-03 14:43:30,2024-04-03 14:46:03,IP Address,130.219.10.90,100,152,True,2024-04-03 14:46:03,R_2wmHZRFLPXbjiTS,,,,,40.4999,-74.4247,qr,EN,ait18,5,5,5,5,5,5,5,5,2,PM < 1 μm,Particles of this size include dust and pollen and are the main source of seasonal rhinitis,"Cars,Dirt Roads,Fireplaces,Pollen,Trucks",4,2,2,1,2,2,7,Vehicle emissions!
2024-04-03 14:43:33,2024-04-03 14:46:07,IP Address,128.6.36.115,100,154,True,2024-04-03 14:46:08,R_2g5QquiIOVq06VI,,,,,40.5511,-74.4606,qr,EN,ait22,5,4,3,5,3,3,5,2,3,PM < 2.5 μm,Particles of this size reach the bronchial tree where they corrode the alveolar parenchyma.,Electric Vehicles,4,4,4,4,4,4,10,"Effect of environmental exposure to technology "
2024-04-03 14:43:23,2024-04-03 14:46:10,IP Address,128.6.37.172,100,167,True,2024-04-03 14:46:11,R_2rLsBRzrexb604F,,,,,40.5511,-74.4606,qr,EN,as3257,5,5,5,5,5,5,5,5,3,PM < 2.5 μm,Particles of this size are generally absorbed in the respiratory tract and safely excreted in mucus.,"Cars,Fireplaces,Trucks",5,3,5,5,5,5,10,Impact of environmental changes on hormones
2024-04-03 14:44:00,2024-04-03 14:46:11,IP Address,174.198.199.194,100,131,True,2024-04-03 14:46:12,R_2OqLq5YzlUmE8uF,,,,,40.7066,-74.2027,qr,EN,,5,3,4,4,2,1,5,1,2,PM < 2.5 μm,Particles of this size are generally absorbed in the respiratory tract and safely excreted in mucus.,"Cars,Fireplaces,Trucks",3,3,2,3,4,5,8,NA
2024-04-03 14:43:41,2024-04-03 14:46:18,IP Address,128.6.36.109,100,157,True,2024-04-03 14:46:19,R_5O7Co7YbJ9IsjbE,,,,,40.5511,-74.4606,qr,EN,Pnp43,5,4,3,4,3,3,5,3,3.5,PM < 2.5 μm,Particles of this size are generally absorbed in the respiratory tract and safely excreted in mucus.,Cars,2,2,2,2,2,3,9,
2024-04-03 14:43:39,2024-04-03 14:46:20,IP Address,128.6.37.43,100,161,True,2024-04-03 14:46:21,R_4Q9h1sWXMiVhnOF,,,,,40.5511,-74.4606,qr,EN,,5,4,3,3,4,3,5,3,3,PM < 2.5 μm,Particles of this size reach the bronchial tree where they corrode the alveolar parenchyma.,"Cars,Dirt Roads,Fireplaces",5,3,5,3,5,4,10,
2024-04-03 14:43:24,2024-04-03 14:46:23,IP Address,130.219.10.90,100,178,True,2024-04-03 14:46:24,R_3NzeF9In2aiLa0e,,,,,40.4999,-74.4247,qr,EN,ka862,3,3,3,3,2,3,3,2,4,PM < 2.5 μm,Particles of this size reach the bronchial tree where they corrode the alveolar parenchyma.,"Cars,Fireplaces,Pollen,Trucks",3,4,3,2,2,3,8,
2024-04-03 14:43:27,2024-04-03 14:46:29,IP Address,130.219.10.90,100,182,True,2024-04-03 14:46:30,R_2EPldgd3dl3hq5r,,,,,40.4999,-74.4247,qr,EN,jd1711,5,5,4,5,3,3,5,3,3,PM < 2.5 μm,Particles of this size are generally absorbed in the respiratory tract and safely excreted in mucus.,"Cars,Dirt Roads,Fireplaces,Trucks",5,4,4,5,5,5,10,"the impact of superfund sites on health. "
2024-04-03 14:43:41,2024-04-03 14:46:31,IP Address,130.219.10.90,100,170,True,2024-04-03 14:46:32,R_7huRrrdxCVYCEJc,,,,,40.4999,-74.4247,qr,EN,nb638,4,4,3,3,2,1,5,2,3,PM < 2.5 μm,Particles of this size include dust and pollen and are the main source of seasonal rhinitis,"Cars,Fireplaces,Trucks",4,3,3,3,4,3,10,"microplastics "
2024-04-03 14:43:25,2024-04-03 14:46:39,IP Address,130.219.10.90,100,194,True,2024-04-03 14:46:40,R_2MaGAMJkew46T0l,,,,,40.4999,-74.4247,qr,EN,Sa2211,5,5,5,1,1,3,5,1,2,PM < 2.5 μm,Particles of this size are generally absorbed in the respiratory tract and safely excreted in mucus.,"Cars,Fireplaces,Trucks",,2,,5,,2,8,"Increasing prevalence of Lyme disease, impact of hot weather on MI, how can physicians best guide their patients in terms of the environment’s impact on their health"
2024-04-03 14:43:25,2024-04-03 14:46:57,IP Address,130.219.10.90,100,211,True,2024-04-03 14:46:57,R_7tzYLpFIay9tOfa,,,,,40.4999,-74.4247,qr,EN,imk40,5,4,3,5,3,4,5,2,3,PM < 2.5 μm,Particles of this size reach the bronchial tree where they corrode the alveolar parenchyma.,"Cars,Electric Vehicles,Fireplaces,Trucks",3,1,3,3,3,4,4,"Air pollution, access to clean water, exposures from/near industrial sources "
2024-04-03 14:44:06,2024-04-03 14:46:58,IP Address,128.6.37.33,100,171,True,2024-04-03 14:46:58,R_3hNmTdYufY7KiZU,,,,,40.5511,-74.4606,qr,EN,eh374,5,5,5,5,5,5,5,5,5,PM < 2.5 μm,Particles of this size include dust and pollen and are the main source of seasonal rhinitis,"Cars,Fireplaces,Trucks",5,5,5,5,5,5,10,"Canadian fires, how global warming effects healthcare conditions "
2024-04-03 14:43:32,2024-04-03 14:47:02,IP Address,130.219.10.90,100,209,True,2024-04-03 14:47:02,R_20ZW5JguGZslDeX,,,,,40.4999,-74.4247,qr,EN,Jm3019,4,3,2,4,3,3,5,2,3,PM < 2.5 μm,Particles of this size reach the bronchial tree where they corrode the alveolar parenchyma.,"Cars,Fireplaces,Trucks",2,3,3,2,4,4,6,
2024-04-03 14:45:21,2024-04-03 14:47:07,IP Address,128.6.37.5,100,105,True,2024-04-03 14:47:07,R_5mxAfB7LQbONTsB,,,,,40.5511,-74.4606,qr,EN,Sg1496,5,5,5,5,5,5,5,5,2.5,PM < 2.5 μm,Particles of this size reach the bronchial tree where they corrode the alveolar parenchyma.,"Cars,Dirt Roads,Electric Vehicles,Fireplaces,Pollen,Trucks",5,5,5,5,5,5,10,
2024-04-03 14:43:25,2024-04-03 14:47:08,IP Address,130.219.10.90,100,222,True,2024-04-03 14:47:09,R_708PuYQ8omzY4bT,,,,,40.4999,-74.4247,qr,EN,Sef142,5,5,5,5,4,4,5,4,3,PM < 2.5 μm,Particles of this size reach the bronchial tree where they corrode the alveolar parenchyma.,Fireplaces,3,3,3,2,3,2,8,Heat stress and how it impacts vulnerable populations/those with concomitant conditions.
2024-04-03 14:42:21,2024-04-03 14:47:11,IP Address,128.6.37.151,100,289,True,2024-04-03 14:47:11,R_5Dn41HcCO0AEg7f,,,,,40.5511,-74.4606,anonymous,EN,kd699,5,5,4,5,4,4,5,1,3,PM < 2.5 μm,Particles of this size are generally absorbed in the respiratory tract and safely excreted in mucus.,"Cars,Electric Vehicles,Fireplaces,Trucks",5,5,5,1,5,5,10,Pollution and respiratory illness!
2024-04-03 14:43:27,2024-04-03 14:47:12,IP Address,128.6.37.119,100,224,True,2024-04-03 14:47:12,R_2WZNTcffi6swYGn,,,,,40.5511,-74.4606,qr,EN,Jw1646,5,5,5,5,,5,5,3,3,PM < 2.5 μm,Particles of this size are generally absorbed in the respiratory tract and safely excreted in mucus.,"Cars,Dirt Roads,Fireplaces,Trucks",5,5,5,5,5,5,10,Any effect on neurologic diseases?
2024-04-03 14:44:06,2024-04-03 14:47:12,IP Address,128.6.37.198,100,185,True,2024-04-03 14:47:12,R_2KT7SmNucJyLFeH,,,,,40.5511,-74.4606,qr,EN,nvm37,5,5,5,5,5,5,5,5,4,PM < 2.5 μm,Particles of this size reach the bronchial tree where they corrode the alveolar parenchyma.,"Cars,Dirt Roads,Electric Vehicles,Fireplaces,Trucks",4,3,5,3,4,4,10,Finding resources that can help aid our future patients
2024-04-03 14:43:36,2024-04-03 14:47:18,IP Address,130.219.10.90,100,222,True,2024-04-03 14:47:19,R_5D2Ee0qUUBb3kRd,,,,,40.4999,-74.4247,qr,EN,,5,5,1,5,1,2,5,1,3,PM < 2.5 μm,Particles of this diameter are unable to be suspended in air.,"Cars,Trucks",3,1,2,1,3,5,9,
2024-04-03 14:45:08,2024-04-03 14:47:32,IP Address,130.219.10.90,100,144,True,2024-04-03 14:47:32,R_7aJo6xOHG4aeEV5,,,,,40.4999,-74.4247,qr,EN,ABD100,3,3,3,3,2,4,5,1,3,PM < 2.5 μm,Particles of this size are generally absorbed in the respiratory tract and safely excreted in mucus.,"Cars,Fireplaces,Trucks",3,3,4,2,3,5,7,
2024-04-03 14:43:27,2024-04-03 14:48:07,IP Address,130.219.10.90,100,280,True,2024-04-03 14:48:07,R_3x1gJ545dPn9I5j,,,,,40.4999,-74.4247,qr,EN,jz1092,5,3,2,1,2,2,5,3,3,PM < 2.5 μm,Particles of this size reach the bronchial tree where they corrode the alveolar parenchyma.,"Cars,Fireplaces,Trucks",2,2,1,2,2,2,6,How can individual physicians address environmental inequity in their daily practice?
2024-04-03 14:43:28,2024-04-03 14:48:48,IP Address,130.219.10.90,100,319,True,2024-04-03 14:48:49,R_51Xjm0xV918WQwW,,,,,40.4999,-74.4247,qr,EN,hc1000,5,5,5,4,3,4,5,4,3,PM < 0.25 μm,Particles of this size include dust and pollen and are the main source of seasonal rhinitis,"Cars,Electric Vehicles,Fireplaces,Pollen",5,4,5,5,5,4,10,Urban exposures (i.e access to quality air conditioning/heat)
2024-04-03 14:43:34,2024-04-03 14:49:42,IP Address,130.219.10.90,100,367,True,2024-04-03 14:49:42,R_1y1vUSOGK2eZJzr,,,,,40.4999,-74.4247,qr,EN,Dv427,5,,2,5,2,1,5,3,2.5,PM < 0.25 μm,Particles of this size reach the bronchial tree where they corrode the alveolar parenchyma.,"Cars,Dirt Roads,Electric Vehicles,Fireplaces,Pollen,Trucks",3,5,1,2,5,4,8,
2024-04-03 14:44:13,2024-04-03 15:14:52,IP Address,172.59.215.33,100,1838,True,2024-04-03 15:14:52,R_5mJhW6MaFfzJpGF,,,,,40.7256,-74.1594,qr,EN,ak1709,5,5,5,5,5,5,5,4,3,PM < 2.5 μm,Particles of this size include dust and pollen and are the main source of seasonal rhinitis,"Cars,Dirt Roads,Pollen,Trucks",5,5,5,4,5,5,10,Vector borne diseases
2024-04-02 19:01:37,2024-04-02 19:02:17,IP Address,172.56.75.43,9,39,False,2024-04-09 19:02:19,R_7fDxpJzSp95Md4f,,,,,,,qr,EN,,,,,,,,,,,,,,,,,,,,,
2024-04-03 14:43:22,2024-04-03 14:43:26,IP Address,130.219.10.90,9,4,False,2024-04-10 14:43:29,R_2ELWYpIWqF6KOid,,,,,,,qr,EN,,,,,,,,,,,,,,,,,,,,,
2024-04-03 14:43:22,2024-04-03 14:43:29,IP Address,130.219.10.90,9,6,False,2024-04-10 14:43:32,R_20xKIsxCC9OWsyB,,,,,,,qr,EN,,,,,,,,,,,,,,,,,,,,,
2024-04-03 14:43:21,2024-04-03 14:43:33,IP Address,128.6.37.90,9,11,False,2024-04-10 14:43:34,R_3DMRdh6Oy0eTCcs,,,,,,,qr,EN,,,,,,,,,,,,,,,,,,,,,
2024-04-03 14:43:22,2024-04-03 14:43:34,IP Address,130.219.10.90,9,11,False,2024-04-10 14:43:37,R_4pdNCZCEwy3RGY9,,,,,,,qr,EN,,,,,,,,,,,,,,,,,,,,,
2024-04-03 14:43:30,2024-04-03 14:43:45,IP Address,130.219.10.90,9,14,False,2024-04-10 14:43:50,R_2eE5z5vVKBq3C8h,,,,,,,qr,EN,,,,,,,,,,,,,,,,,,,,,
2024-04-03 14:43:25,2024-04-03 14:43:51,IP Address,174.206.230.241,55,25,False,2024-04-10 14:43:52,R_5DVlDYsEx5cqNMe,,,,,,,qr,EN,,4,4,4,4,2,5,4,2,3,PM < 0.25 μm,,,,,,,,,,
2024-04-03 14:43:49,2024-04-03 14:43:54,IP Address,130.219.10.90,9,5,False,2024-04-10 14:44:02,R_7P0idtiu2B3qdBn,,,,,,,qr,EN,,,,,,,,,,,,,,,,,,,,,
2024-04-03 14:44:21,2024-04-03 14:44:24,IP Address,130.219.10.90,9,3,False,2024-04-10 14:44:25,R_3dLF9tIT3tLo228,,,,,,,qr,EN,,,,,,,,,,,,,,,,,,,,,
2024-04-03 14:43:29,2024-04-03 14:44:35,IP Address,128.6.37.105,55,66,False,2024-04-10 14:44:40,R_59XVxA5C3F0oBoZ,,,,,,,qr,EN,,5,5,1,5,5,1,5,,4,PM < 2.5 μm,,,,,,,,,,
2024-04-03 14:43:29,2024-04-03 15:43:09,IP Address,130.219.10.90,55,3579,False,2024-04-10 15:43:12,R_2CrUk36FeE2OHGp,,,,,,,qr,EN,,5,5,4,4,5,5,5,5,5,PM < 2.5 μm,,,,,,,,,,
2024-04-11 12:07:16,2024-04-11 12:09:51,IP Address,68.196.244.245,55,154,False,2024-04-18 12:09:57,R_3QQZcfZkA1OH4bQ,,,,,,,anonymous,EN,,,,,,,,,,,,,,,,,,,,,
