,Q4_1,Q5,Q6,Q7,Q4_1_score,Q5_score,Q6_score,Q7_score
2,4,PM < 0.25 μm,Particles of this size reach the bronchial tree where they corrode the alveolar parenchyma.,"Cars,Dirt Roads,Electric Vehicles,Fireplaces,Trucks",0,0,0,2.0
3,3,PM < 2.5 μm,Particles of this diameter are unable to be suspended in air.,"Cars,Dirt Roads,Fireplaces,Pollen,Trucks",1,1,0,2.0
4,3,PM < 2.5 μm,Particles of this size are generally absorbed in the respiratory tract and safely excreted in mucus.,"Cars,Fireplaces,Trucks",1,1,1,3.0
5,3,PM < 2.5 μm,Particles of this size are generally absorbed in the respiratory tract and safely excreted in mucus.,"Cars,Fireplaces,Trucks",1,1,1,3.0
6,5,PM < 2.5 μm,Particles of this size are generally absorbed in the respiratory tract and safely excreted in mucus.,"Cars,Dirt Roads,Electric Vehicles,Fireplaces,Pollen,Trucks",0,1,1,1.5
7,5,PM < 2.5 μm,Particles of this diameter are unable to be suspended in air.,"Cars,Dirt Roads,Fireplaces,Pollen,Trucks",0,1,0,2.0
8,3,PM < 2.5 μm,Particles of this size reach the bronchial tree where they corrode the alveolar parenchyma.,"Cars,Dirt Roads,Fireplaces,Trucks",1,1,0,2.5
9,2.5,PM < 2.5 μm,Particles of this size are generally absorbed in the respiratory tract and safely excreted in mucus.,"Cars,Dirt Roads,Electric Vehicles,Fireplaces,Pollen,Trucks",1,1,1,1.5
10,3,PM < 2.5 μm,Particles of this size are generally absorbed in the respiratory tract and safely excreted in mucus.,"Cars,Dirt Roads,Electric Vehicles,Fireplaces,Pollen,Trucks",1,1,1,1.5
11,3,PM < 2.5 μm,Particles of this size are generally absorbed in the respiratory tract and safely excreted in mucus.,"Cars,Fireplaces",1,1,1,2.5
12,2.5,PM < 2.5 μm,Particles of this size include dust and pollen and are the main source of seasonal rhinitis,"Cars,Dirt Roads,Electric Vehicles,Fireplaces,Pollen,Trucks",1,1,0,1.5
13,3,PM < 2.5 μm,Particles of this size are generally absorbed in the respiratory tract and safely excreted in mucus.,"Cars,Dirt Roads,Electric Vehicles,Fireplaces,Pollen,Trucks",1,1,1,1.5
14,3,PM < 2.5 μm,Particles of this size are generally absorbed in the respiratory tract and safely excreted in mucus.,"Cars,Fireplaces",1,1,1,2.5
15,3.5,PM < 0.05 μm,Particles of this size are generally absorbed in the respiratory tract and safely excreted in mucus.,Dirt Roads,1,0,1,1.0
16,4,PM < 2.5 μm,Particles of this size are generally absorbed in the respiratory tract and safely excreted in mucus.,"Cars,Dirt Roads,Pollen,Trucks",0,1,1,1.5
17,3,PM < 2.5 μm,Particles of this size are generally absorbed in the respiratory tract and safely excreted in mucus.,"Cars,Dirt Roads,Fireplaces,Trucks",1,1,1,2.5
18,4,PM < 2.5 μm,Particles of this size are generally absorbed in the respiratory tract and safely excreted in mucus.,"Cars,Dirt Roads,Fireplaces,Trucks",0,1,1,2.5
19,,PM < 0.25 μm,Particles of this size are generally absorbed in the respiratory tract and safely excreted in mucus.,"Cars,Dirt Roads,Fireplaces,Trucks",0,0,1,2.5
20,3,PM < 0.25 μm,Particles of this size are generally absorbed in the respiratory tract and safely excreted in mucus.,"Cars,Dirt Roads,Pollen,Trucks",1,0,1,1.5
21,3,PM < 2.5 μm,Particles of this size are generally absorbed in the respiratory tract and safely excreted in mucus.,"Cars,Trucks",1,1,1,2.5
22,3,PM < 2.5 μm,Particles of this size are generally absorbed in the respiratory tract and safely excreted in mucus.,"Cars,Electric Vehicles,Trucks",1,1,1,2.0
23,3,PM < 0.25 μm,Particles of this size are generally absorbed in the respiratory tract and safely excreted in mucus.,"Cars,Dirt Roads,Electric Vehicles,Fireplaces,Pollen,Trucks",1,0,1,1.5
24,2.5,PM < 2.5 μm,Particles of this size are generally absorbed in the respiratory tract and safely excreted in mucus.,"Cars,Fireplaces,Trucks",1,1,1,3.0
25,1,PM < 0.05 μm,Particles of this size are generally absorbed in the respiratory tract and safely excreted in mucus.,"Cars,Dirt Roads,Fireplaces,Trucks",0,0,1,2.5
26,4.5,PM < 0.25 μm,Particles of this size include dust and pollen and are the main source of seasonal rhinitis,"Cars,Dirt Roads,Fireplaces,Pollen,Trucks",0,0,0,2.0
27,3,PM < 2.5 μm,Particles of this size include dust and pollen and are the main source of seasonal rhinitis,"Cars,Dirt Roads,Electric Vehicles,Fireplaces,Trucks",1,1,0,2.0
28,3,PM < 2.5 μm,Particles of this diameter are unable to be suspended in air.,"Cars,Dirt Roads,Electric Vehicles,Fireplaces,Pollen,Trucks",1,1,0,1.5
29,3,PM < 2.5 μm,Particles of this size include dust and pollen and are the main source of seasonal rhinitis,"Cars,Fireplaces,Pollen,Trucks",1,1,0,2.5
30,3,PM < 2.5 μm,Particles of this size are generally absorbed in the respiratory tract and safely excreted in mucus.,"Cars,Fireplaces,Trucks",1,1,1,3.0
31,3,PM < 0.25 μm,Particles of this size are generally absorbed in the respiratory tract and safely excreted in mucus.,"Cars,Electric Vehicles,Fireplaces,Trucks",1,0,1,2.5
32,3,PM < 2.5 μm,Particles of this size reach the bronchial tree where they corrode the alveolar parenchyma.,"Cars,Fireplaces,Pollen,Trucks",1,1,0,2.5
33,2.5,PM < 2.5 μm,Particles of this size reach the bronchial tree where they corrode the alveolar parenchyma.,"Cars,Dirt Roads,Electric Vehicles,Fireplaces,Trucks",1,1,0,2.0
34,3,PM < 0.25 μm,Particles of this size include dust and pollen and are the main source of seasonal rhinitis,"Cars,Fireplaces,Trucks",1,0,0,3.0
35,1.5,PM < 2.5 μm,Particles of this size are generally absorbed in the respiratory tract and safely excreted in mucus.,"Cars,Fireplaces,Trucks",0,1,1,3.0
36,2.5,PM < 2.5 μm,Particles of this size are generally absorbed in the respiratory tract and safely excreted in mucus.,"Cars,Trucks",1,1,1,2.5
37,4,PM < 0.25 μm,Particles of this diameter are unable to be suspended in air.,"Cars,Dirt Roads,Fireplaces,Pollen,Trucks",0,0,0,2.0
38,3,PM < 2.5 μm,Particles of this size are generally absorbed in the respiratory tract and safely excreted in mucus.,"Cars,Electric Vehicles,Trucks",1,1,1,2.0
39,2.5,PM < 0.25 μm,Particles of this size are generally absorbed in the respiratory tract and safely excreted in mucus.,"Cars,Electric Vehicles,Fireplaces,Trucks",1,0,1,2.5
40,2.5,PM < 0.05 μm,Particles of this size are generally absorbed in the respiratory tract and safely excreted in mucus.,"Cars,Dirt Roads,Electric Vehicles,Fireplaces,Pollen,Trucks",1,0,1,1.5
41,2.5,PM < 2.5 μm,Particles of this size are generally absorbed in the respiratory tract and safely excreted in mucus.,"Dirt Roads,Fireplaces,Pollen",1,1,1,1.0
42,3,PM < 2.5 μm,Particles of this size are generally absorbed in the respiratory tract and safely excreted in mucus.,"Cars,Fireplaces,Trucks",1,1,1,3.0
43,4,PM < 25 μm,Particles of this size reach the bronchial tree where they corrode the alveolar parenchyma.,"Cars,Fireplaces,Pollen,Trucks",0,0,0,2.5
44,3,PM < 2.5 μm,Particles of this diameter are unable to be suspended in air.,"Cars,Fireplaces,Trucks",1,1,0,3.0
45,3,PM < 0.25 μm,Particles of this size reach the bronchial tree where they corrode the alveolar parenchyma.,"Cars,Electric Vehicles,Fireplaces,Trucks",1,0,0,2.5
46,3,PM < 2.5 μm,Particles of this size include dust and pollen and are the main source of seasonal rhinitis,"Cars,Trucks",1,1,0,2.5
47,4,PM < 2.5 μm,Particles of this size are generally absorbed in the respiratory tract and safely excreted in mucus.,"Cars,Dirt Roads,Fireplaces,Pollen,Trucks",0,1,1,2.0
48,2.5,PM < 2.5 μm,Particles of this size are generally absorbed in the respiratory tract and safely excreted in mucus.,"Cars,Electric Vehicles,Fireplaces",1,1,1,2.0
49,4,PM < 2.5 μm,Particles of this size are generally absorbed in the respiratory tract and safely excreted in mucus.,"Cars,Dirt Roads,Fireplaces,Pollen,Trucks",0,1,1,2.0
50,4.5,PM < 2.5 μm,Particles of this size include dust and pollen and are the main source of seasonal rhinitis,"Cars,Dirt Roads,Fireplaces,Pollen,Trucks",0,1,0,2.0
51,4,PM < 2.5 μm,Particles of this size reach the bronchial tree where they corrode the alveolar parenchyma.,"Cars,Fireplaces,Trucks",0,1,0,3.0
52,5,PM < 0.25 μm,Particles of this diameter are unable to be suspended in air.,Cars,0,0,0,2.0
53,4.5,PM < 1 μm,Particles of this size include dust and pollen and are the main source of seasonal rhinitis,"Cars,Dirt Roads,Electric Vehicles,Fireplaces,Pollen,Trucks",0,0,0,1.5
54,3.5,PM < 0.25 μm,Particles of this size reach the bronchial tree where they corrode the alveolar parenchyma.,"Cars,Dirt Roads,Fireplaces,Trucks",1,0,0,2.5
55,3,PM < 2.5 μm,Particles of this size reach the bronchial tree where they corrode the alveolar parenchyma.,"Cars,Fireplaces,Trucks",1,1,0,3.0
56,3,PM < 2.5 μm,Particles of this size are generally absorbed in the respiratory tract and safely excreted in mucus.,"Cars,Fireplaces,Trucks",1,1,1,3.0
57,4,PM < 2.5 μm,Particles of this size include dust and pollen and are the main source of seasonal rhinitis,"Cars,Dirt Roads,Fireplaces,Trucks",0,1,0,2.5
58,3,PM < 2.5 μm,Particles of this size are generally absorbed in the respiratory tract and safely excreted in mucus.,"Cars,Fireplaces,Trucks",1,1,1,3.0
59,4,PM < 2.5 μm,Particles of this size reach the bronchial tree where they corrode the alveolar parenchyma.,"Cars,Dirt Roads,Fireplaces,Trucks",0,1,0,2.5
60,3,PM < 2.5 μm,Particles of this diameter are unable to be suspended in air.,"Dirt Roads,Fireplaces",1,1,0,1.5
61,3,PM < 2.5 μm,Particles of this size are generally absorbed in the respiratory tract and safely excreted in mucus.,"Cars,Dirt Roads,Electric Vehicles,Fireplaces,Pollen,Trucks",1,1,1,1.5
62,3.5,PM < 0.25 μm,Particles of this size are generally absorbed in the respiratory tract and safely excreted in mucus.,Cars,1,0,1,2.0
63,3,PM < 25 μm,,"Cars,Dirt Roads,Electric Vehicles,Fireplaces,Pollen,Trucks",1,0,0,1.5
64,3,PM < 0.05 μm,Particles of this size are generally absorbed in the respiratory tract and safely excreted in mucus.,"Cars,Dirt Roads,Fireplaces,Trucks",1,0,1,2.5
65,5,PM < 0.05 μm,Particles of this size include dust and pollen and are the main source of seasonal rhinitis,"Cars,Dirt Roads,Electric Vehicles,Fireplaces,Pollen,Trucks",0,0,0,1.5
66,3,PM < 2.5 μm,Particles of this size are generally absorbed in the respiratory tract and safely excreted in mucus.,"Cars,Dirt Roads,Electric Vehicles,Fireplaces,Pollen,Trucks",1,1,1,1.5
67,3,PM < 2.5 μm,Particles of this size are generally absorbed in the respiratory tract and safely excreted in mucus.,"Cars,Dirt Roads,Electric Vehicles,Fireplaces,Pollen,Trucks",1,1,1,1.5
68,3,PM < 2.5 μm,Particles of this size reach the bronchial tree where they corrode the alveolar parenchyma.,"Cars,Dirt Roads,Fireplaces,Trucks",1,1,0,2.5
77,5,PM < 0.25 μm,,,0,0,0,
2,4.5,PM < 2.5 μm,Particles of this size are generally absorbed in the respiratory tract and safely excreted in mucus.,"Cars,Dirt Roads,Fireplaces,Pollen,Trucks",0,1,1,2.0
3,5,PM < 2.5 μm,Particles of this size reach the bronchial tree where they corrode the alveolar parenchyma.,"Cars,Fireplaces,Trucks",0,1,0,3.0
4,3.5,PM < 2.5 μm,Particles of this size reach the bronchial tree where they corrode the alveolar parenchyma.,"Cars,Fireplaces,Trucks",1,1,0,3.0
5,3,PM < 2.5 μm,Particles of this size are generally absorbed in the respiratory tract and safely excreted in mucus.,"Cars,Dirt Roads,Electric Vehicles,Fireplaces,Pollen,Trucks",1,1,1,1.5
6,4,PM < 0.25 μm,Particles of this size are generally absorbed in the respiratory tract and safely excreted in mucus.,"Cars,Dirt Roads,Fireplaces",0,0,1,2.0
7,3,PM < 2.5 μm,Particles of this size reach the bronchial tree where they corrode the alveolar parenchyma.,Cars,1,1,0,2.0
8,3,PM < 2.5 μm,Particles of this size are generally absorbed in the respiratory tract and safely excreted in mucus.,"Cars,Dirt Roads,Electric Vehicles,Fireplaces,Pollen,Trucks",1,1,1,1.5
9,2.5,PM < 2.5 μm,Particles of this size are generally absorbed in the respiratory tract and safely excreted in mucus.,"Cars,Dirt Roads,Electric Vehicles,Fireplaces,Pollen,Trucks",1,1,1,1.5
10,5,PM < 2.5 μm,Particles of this size are generally absorbed in the respiratory tract and safely excreted in mucus.,"Cars,Fireplaces,Trucks",0,1,1,3.0
11,3,PM < 2.5 μm,Particles of this size are generally absorbed in the respiratory tract and safely excreted in mucus.,"Cars,Fireplaces",1,1,1,2.5
12,2,PM < 2.5 μm,Particles of this size are generally absorbed in the respiratory tract and safely excreted in mucus.,"Cars,Dirt Roads,Fireplaces,Pollen,Trucks",0,1,1,2.0
13,5,PM < 2.5 μm,Particles of this size reach the bronchial tree where they corrode the alveolar parenchyma.,"Cars,Dirt Roads,Fireplaces,Trucks",0,1,0,2.5
14,3,PM < 0.25 μm,Particles of this size reach the bronchial tree where they corrode the alveolar parenchyma.,Electric Vehicles,1,0,0,1.0
15,5,PM < 0.25 μm,Particles of this size are generally absorbed in the respiratory tract and safely excreted in mucus.,"Cars,Electric Vehicles,Fireplaces,Trucks",0,0,1,2.5
16,3.5,PM < 2.5 μm,Particles of this size reach the bronchial tree where they corrode the alveolar parenchyma.,Cars,1,1,0,2.0
17,3,PM < 2.5 μm,Particles of this size include dust and pollen and are the main source of seasonal rhinitis,"Cars,Trucks",1,1,0,2.5
18,2.5,PM < 0.25 μm,Particles of this size are generally absorbed in the respiratory tract and safely excreted in mucus.,Cars,1,0,1,2.0
19,2,PM < 2.5 μm,Particles of this size are generally absorbed in the respiratory tract and safely excreted in mucus.,"Cars,Fireplaces,Trucks",0,1,1,3.0
20,2.5,PM < 2.5 μm,Particles of this size reach the bronchial tree where they corrode the alveolar parenchyma.,"Cars,Dirt Roads,Fireplaces,Trucks",1,1,0,2.5
21,2,PM < 0.25 μm,Particles of this diameter are unable to be suspended in air.,"Cars,Dirt Roads,Electric Vehicles,Fireplaces,Pollen,Trucks",0,0,0,1.5
22,3.5,PM < 25 μm,Particles of this size reach the bronchial tree where they corrode the alveolar parenchyma.,"Cars,Dirt Roads,Fireplaces,Pollen,Trucks",1,0,0,2.0
23,4.5,PM < 2.5 μm,Particles of this diameter are unable to be suspended in air.,"Cars,Dirt Roads,Fireplaces,Trucks",0,1,0,2.5
24,3,PM < 2.5 μm,Particles of this diameter are unable to be suspended in air.,"Cars,Dirt Roads,Electric Vehicles,Fireplaces,Trucks",1,1,0,2.0
25,3,PM < 2.5 μm,Particles of this size are generally absorbed in the respiratory tract and safely excreted in mucus.,"Cars,Dirt Roads,Electric Vehicles,Fireplaces,Pollen,Trucks",1,1,1,1.5
26,3,PM < 2.5 μm,Particles of this size reach the bronchial tree where they corrode the alveolar parenchyma.,"Cars,Dirt Roads,Trucks",1,1,0,2.0
27,2.5,PM < 2.5 μm,Particles of this diameter are unable to be suspended in air.,"Dirt Roads,Pollen",1,1,0,0.5
28,3,PM < 2.5 μm,Particles of this size are generally absorbed in the respiratory tract and safely excreted in mucus.,"Cars,Fireplaces,Trucks",1,1,1,3.0
29,3,PM < 25 μm,Particles of this size reach the bronchial tree where they corrode the alveolar parenchyma.,"Cars,Dirt Roads,Fireplaces,Pollen,Trucks",1,0,0,2.0
30,3,PM < 2.5 μm,Particles of this size are generally absorbed in the respiratory tract and safely excreted in mucus.,"Cars,Dirt Roads,Trucks",1,1,1,2.0
31,3.5,PM < 2.5 μm,Particles of this diameter are unable to be suspended in air.,"Cars,Dirt Roads,Electric Vehicles,Fireplaces,Pollen,Trucks",1,1,0,1.5
32,,PM < 2.5 μm,Particles of this size are generally absorbed in the respiratory tract and safely excreted in mucus.,"Cars,Fireplaces,Trucks",0,1,1,3.0
33,4,PM < 2.5 μm,Particles of this size are generally absorbed in the respiratory tract and safely excreted in mucus.,"Cars,Dirt Roads,Fireplaces,Pollen,Trucks",0,1,1,2.0
34,3.5,PM < 2.5 μm,Particles of this diameter are unable to be suspended in air.,"Cars,Trucks",1,1,0,2.5
35,2.5,PM < 2.5 μm,Particles of this size are generally absorbed in the respiratory tract and safely excreted in mucus.,Cars,1,1,1,2.0
36,2,PM < 2.5 μm,Particles of this size are generally absorbed in the respiratory tract and safely excreted in mucus.,"Cars,Trucks",0,1,1,2.5
37,3,PM < 2.5 μm,Particles of this size are generally absorbed in the respiratory tract and safely excreted in mucus.,"Cars,Fireplaces",1,1,1,2.5
38,3.5,PM < 2.5 μm,Particles of this size reach the bronchial tree where they corrode the alveolar parenchyma.,"Cars,Dirt Roads,Fireplaces,Pollen,Trucks",1,1,0,2.0
39,3,PM < 2.5 μm,Particles of this size reach the bronchial tree where they corrode the alveolar parenchyma.,"Cars,Fireplaces,Trucks",1,1,0,3.0
40,3,PM < 2.5 μm,Particles of this size are generally absorbed in the respiratory tract and safely excreted in mucus.,"Cars,Fireplaces,Trucks",1,1,1,3.0
41,3,PM < 2.5 μm,Particles of this size reach the bronchial tree where they corrode the alveolar parenchyma.,"Cars,Dirt Roads,Fireplaces,Pollen,Trucks",1,1,0,2.0
42,4,PM < 0.25 μm,Particles of this diameter are unable to be suspended in air.,Fireplaces,0,0,0,2.0
43,1.5,PM < 1 μm,Particles of this diameter are unable to be suspended in air.,Cars,0,0,0,2.0
44,3.5,PM < 2.5 μm,Particles of this size reach the bronchial tree where they corrode the alveolar parenchyma.,"Cars,Dirt Roads,Electric Vehicles,Fireplaces,Pollen,Trucks",1,1,0,1.5
45,1.5,PM < 10 μm,Particles of this size reach the bronchial tree where they corrode the alveolar parenchyma.,"Cars,Dirt Roads,Electric Vehicles,Fireplaces,Pollen,Trucks",0,0,0,1.5
46,3,PM < 2.5 μm,Particles of this size are generally absorbed in the respiratory tract and safely excreted in mucus.,"Cars,Fireplaces,Trucks",1,1,1,3.0
47,3,PM < 2.5 μm,Particles of this diameter are unable to be suspended in air.,"Cars,Fireplaces,Trucks",1,1,0,3.0
48,3,PM < 0.25 μm,Particles of this size reach the bronchial tree where they corrode the alveolar parenchyma.,"Cars,Dirt Roads,Electric Vehicles,Fireplaces,Pollen,Trucks",1,0,0,1.5
49,3,PM < 2.5 μm,Particles of this diameter are unable to be suspended in air.,"Cars,Fireplaces,Trucks",1,1,0,3.0
50,2,PM < 1 μm,Particles of this size include dust and pollen and are the main source of seasonal rhinitis,"Cars,Dirt Roads,Fireplaces,Pollen,Trucks",0,0,0,2.0
51,3,PM < 2.5 μm,Particles of this size reach the bronchial tree where they corrode the alveolar parenchyma.,Electric Vehicles,1,1,0,1.0
52,3,PM < 2.5 μm,Particles of this size are generally absorbed in the respiratory tract and safely excreted in mucus.,"Cars,Fireplaces,Trucks",1,1,1,3.0
53,2,PM < 2.5 μm,Particles of this size are generally absorbed in the respiratory tract and safely excreted in mucus.,"Cars,Fireplaces,Trucks",0,1,1,3.0
54,3.5,PM < 2.5 μm,Particles of this size are generally absorbed in the respiratory tract and safely excreted in mucus.,Cars,1,1,1,2.0
55,3,PM < 2.5 μm,Particles of this size reach the bronchial tree where they corrode the alveolar parenchyma.,"Cars,Dirt Roads,Fireplaces",1,1,0,2.0
56,4,PM < 2.5 μm,Particles of this size reach the bronchial tree where they corrode the alveolar parenchyma.,"Cars,Fireplaces,Pollen,Trucks",0,1,0,2.5
57,3,PM < 2.5 μm,Particles of this size are generally absorbed in the respiratory tract and safely excreted in mucus.,"Cars,Dirt Roads,Fireplaces,Trucks",1,1,1,2.5
58,3,PM < 2.5 μm,Particles of this size include dust and pollen and are the main source of seasonal rhinitis,"Cars,Fireplaces,Trucks",1,1,0,3.0
59,2,PM < 2.5 μm,Particles of this size are generally absorbed in the respiratory tract and safely excreted in mucus.,"Cars,Fireplaces,Trucks",0,1,1,3.0
60,3,PM < 2.5 μm,Particles of this size reach the bronchial tree where they corrode the alveolar parenchyma.,"Cars,Electric Vehicles,Fireplaces,Trucks",1,1,0,2.5
61,5,PM < 2.5 μm,Particles of this size include dust and pollen and are the main source of seasonal rhinitis,"Cars,Fireplaces,Trucks",0,1,0,3.0
62,3,PM < 2.5 μm,Particles of this size reach the bronchial tree where they corrode the alveolar parenchyma.,"Cars,Fireplaces,Trucks",1,1,0,3.0
63,2.5,PM < 2.5 μm,Particles of this size reach the bronchial tree where they corrode the alveolar parenchyma.,"Cars,Dirt Roads,Electric Vehicles,Fireplaces,Pollen,Trucks",1,1,0,1.5
64,3,PM < 2.5 μm,Particles of this size reach the bronchial tree where they corrode the alveolar parenchyma.,Fireplaces,1,1,0,2.0
65,3,PM < 2.5 μm,Particles of this size are generally absorbed in the respiratory tract and safely excreted in mucus.,"Cars,Electric Vehicles,Fireplaces,Trucks",1,1,1,2.5
66,3,PM < 2.5 μm,Particles of this size are generally absorbed in the respiratory tract and safely excreted in mucus.,"Cars,Dirt Roads,Fireplaces,Trucks",1,1,1,2.5
67,4,PM < 2.5 μm,Particles of this size reach the bronchial tree where they corrode the alveolar parenchyma.,"Cars,Dirt Roads,Electric Vehicles,Fireplaces,Trucks",0,1,0,2.0
68,3,PM < 2.5 μm,Particles of this diameter are unable to be suspended in air.,"Cars,Trucks",1,1,0,2.5
69,3,PM < 2.5 μm,Particles of this size are generally absorbed in the respiratory tract and safely excreted in mucus.,"Cars,Fireplaces,Trucks",1,1,1,3.0
70,3,PM < 2.5 μm,Particles of this size reach the bronchial tree where they corrode the alveolar parenchyma.,"Cars,Fireplaces,Trucks",1,1,0,3.0
71,3,PM < 0.25 μm,Particles of this size include dust and pollen and are the main source of seasonal rhinitis,"Cars,Electric Vehicles,Fireplaces,Pollen",1,0,0,1.5
72,2.5,PM < 0.25 μm,Particles of this size reach the bronchial tree where they corrode the alveolar parenchyma.,"Cars,Dirt Roads,Electric Vehicles,Fireplaces,Pollen,Trucks",1,0,0,1.5
73,3,PM < 2.5 μm,Particles of this size include dust and pollen and are the main source of seasonal rhinitis,"Cars,Dirt Roads,Pollen,Trucks",1,1,0,1.5
80,3,PM < 0.25 μm,,,1,0,0,
83,4,PM < 2.5 μm,,,0,1,0,
84,5,PM < 2.5 μm,,,0,1,0,
