,Q4_1,Q5,Q6,Q7,Q4_1_score,Q5_score,Q6_score,Q7_score
4,4,PM < 1 μm,Particles of this size include dust and pollen and are the main source of seasonal rhinitis,"Cars,Dirt Roads,Fireplaces,Pollen",0,0,0,1.5
5,4,PM < 2.5 μm,Particles of this size reach the bronchial tree where they corrode the alveolar parenchyma.,"Cars,Dirt Roads,Electric Vehicles,Fireplaces,Pollen,Trucks",0,1,0,1.5
6,2,PM < 0.25 μm,Particles of this diameter are unable to be suspended in air.,"Cars,Dirt Roads,Fireplaces,Trucks",0,0,0,2.5
7,3,PM < 10 μm,Particles of this size reach the bronchial tree where they corrode the alveolar parenchyma.,"Cars,Dirt Roads,Fireplaces,Pollen,Trucks",1,0,0,2.0
8,5,PM < 1 μm,Particles of this size are generally absorbed in the respiratory tract and safely excreted in mucus.,"Cars,Dirt Roads,Electric Vehicles",0,0,1,1.0
9,4.5,PM < 0.05 μm,Particles of this size reach the bronchial tree where they corrode the alveolar parenchyma.,"Cars,Fireplaces,Trucks",0,0,0,3.0
10,2,PM < 0.05 μm,Particles of this diameter are unable to be suspended in air.,"Fireplaces,Pollen",0,0,0,1.5
11,3.5,PM < 1 μm,Particles of this size reach the bronchial tree where they corrode the alveolar parenchyma.,"Cars,Electric Vehicles,Fireplaces,Trucks",1,0,0,2.5
12,4,PM < 1 μm,Particles of this size include dust and pollen and are the main source of seasonal rhinitis,"Cars,Dirt Roads,Fireplaces,Pollen,Trucks",0,0,0,2.0
13,4,PM < 0.05 μm,Particles of this size are generally absorbed in the respiratory tract and safely excreted in mucus.,"Dirt Roads,Fireplaces,Pollen",0,0,1,1.0
14,4,PM < 10 μm,Particles of this diameter are unable to be suspended in air.,Dirt Roads,0,0,0,1.0
15,4,PM < 1 μm,Particles of this size include dust and pollen and are the main source of seasonal rhinitis,"Cars,Dirt Roads,Fireplaces,Pollen,Trucks",0,0,0,2.0
16,3,PM < 2.5 μm,Particles of this size are generally absorbed in the respiratory tract and safely excreted in mucus.,"Cars,Dirt Roads,Fireplaces,Pollen,Trucks",1,1,1,2.0
17,3,PM < 2.5 μm,Particles of this size reach the bronchial tree where they corrode the alveolar parenchyma.,Fireplaces,1,1,0,2.0
18,3,PM < 1 μm,Particles of this size are generally absorbed in the respiratory tract and safely excreted in mucus.,Fireplaces,1,0,1,2.0
19,3,PM < 10 μm,Particles of this size include dust and pollen and are the main source of seasonal rhinitis,"Cars,Dirt Roads,Fireplaces,Pollen,Trucks",1,0,0,2.0
20,5,PM < 0.25 μm,Particles of this size include dust and pollen and are the main source of seasonal rhinitis,"Cars,Fireplaces,Pollen,Trucks",0,0,0,2.5
21,3,PM < 10 μm,Particles of this size include dust and pollen and are the main source of seasonal rhinitis,"Dirt Roads,Fireplaces,Pollen",1,0,0,1.0
22,4,PM < 1 μm,Particles of this size include dust and pollen and are the main source of seasonal rhinitis,"Cars,Fireplaces,Trucks",0,0,0,3.0
23,3.5,PM < 0.05 μm,Particles of this diameter are unable to be suspended in air.,"Cars,Dirt Roads,Electric Vehicles,Fireplaces,Pollen,Trucks",1,0,0,1.5
24,3,PM < 1 μm,Particles of this size reach the bronchial tree where they corrode the alveolar parenchyma.,"Cars,Dirt Roads,Fireplaces,Pollen,Trucks",1,0,0,2.0
25,3,PM < 1 μm,Particles of this size are generally absorbed in the respiratory tract and safely excreted in mucus.,"Cars,Dirt Roads,Fireplaces,Pollen,Trucks",1,0,1,2.0
26,4,PM < 0.05 μm,Particles of this size include dust and pollen and are the main source of seasonal rhinitis,Cars,0,0,0,2.0
27,4,PM < 2.5 μm,Particles of this size reach the bronchial tree where they corrode the alveolar parenchyma.,"Cars,Dirt Roads,Fireplaces,Trucks",0,1,0,2.5
28,3.5,PM < 1 μm,Particles of this size are generally absorbed in the respiratory tract and safely excreted in mucus.,"Cars,Dirt Roads,Fireplaces,Trucks",1,0,1,2.5
29,3,PM < 0.25 μm,Particles of this size reach the bronchial tree where they corrode the alveolar parenchyma.,"Cars,Dirt Roads,Electric Vehicles,Fireplaces,Trucks",1,0,0,2.0
30,3.5,PM < 0.05 μm,Particles of this size are generally absorbed in the respiratory tract and safely excreted in mucus.,"Cars,Dirt Roads,Fireplaces,Pollen,Trucks",1,0,1,2.0
31,3.5,PM < 2.5 μm,Particles of this size reach the bronchial tree where they corrode the alveolar parenchyma.,"Dirt Roads,Fireplaces,Pollen,Trucks",1,1,0,1.5
32,2.5,PM < 2.5 μm,Particles of this size are generally absorbed in the respiratory tract and safely excreted in mucus.,"Cars,Dirt Roads,Fireplaces,Trucks",1,1,1,2.5
33,2.5,PM < 1 μm,Particles of this size reach the bronchial tree where they corrode the alveolar parenchyma.,"Cars,Dirt Roads,Fireplaces,Pollen,Trucks",1,0,0,2.0
34,4.5,PM < 0.05 μm,Particles of this diameter are unable to be suspended in air.,"Cars,Dirt Roads,Fireplaces,Trucks",0,0,0,2.5
35,4,PM < 1 μm,Particles of this size reach the bronchial tree where they corrode the alveolar parenchyma.,"Cars,Electric Vehicles,Trucks",0,0,0,2.0
36,4,PM < 1 μm,Particles of this size include dust and pollen and are the main source of seasonal rhinitis,"Cars,Dirt Roads,Electric Vehicles,Fireplaces,Trucks",0,0,0,2.0
37,2.5,PM < 1 μm,Particles of this size are generally absorbed in the respiratory tract and safely excreted in mucus.,"Cars,Dirt Roads,Electric Vehicles,Fireplaces,Pollen,Trucks",1,0,1,1.5
38,2,PM < 2.5 μm,Particles of this size are generally absorbed in the respiratory tract and safely excreted in mucus.,"Cars,Fireplaces,Pollen",0,1,1,2.0
39,2,PM < 1 μm,Particles of this size reach the bronchial tree where they corrode the alveolar parenchyma.,"Cars,Dirt Roads,Fireplaces,Trucks",0,0,0,2.5
40,3,PM < 0.25 μm,Particles of this size are generally absorbed in the respiratory tract and safely excreted in mucus.,"Cars,Dirt Roads,Electric Vehicles,Fireplaces,Pollen,Trucks",1,0,1,1.5
41,2,PM < 1 μm,Particles of this size include dust and pollen and are the main source of seasonal rhinitis,"Cars,Fireplaces,Trucks",0,0,0,3.0
42,2.5,PM < 0.25 μm,Particles of this size reach the bronchial tree where they corrode the alveolar parenchyma.,"Cars,Trucks",1,0,0,2.5
43,2,PM < 0.25 μm,Particles of this size include dust and pollen and are the main source of seasonal rhinitis,Cars,0,0,0,2.0
44,3,PM < 0.25 μm,Particles of this size reach the bronchial tree where they corrode the alveolar parenchyma.,"Cars,Dirt Roads,Electric Vehicles,Fireplaces,Pollen,Trucks",1,0,0,1.5
45,3.5,PM < 2.5 μm,Particles of this size reach the bronchial tree where they corrode the alveolar parenchyma.,"Cars,Dirt Roads,Fireplaces,Pollen,Trucks",1,1,0,2.0
46,2,PM < 2.5 μm,Particles of this size reach the bronchial tree where they corrode the alveolar parenchyma.,"Cars,Dirt Roads,Fireplaces,Trucks",0,1,0,2.5
47,4.5,PM < 0.05 μm,Particles of this size are generally absorbed in the respiratory tract and safely excreted in mucus.,Dirt Roads,0,0,1,1.0
48,4.5,PM < 1 μm,Particles of this size reach the bronchial tree where they corrode the alveolar parenchyma.,"Cars,Dirt Roads,Electric Vehicles,Fireplaces,Pollen,Trucks",0,0,0,1.5
49,4,PM < 1 μm,Particles of this size are generally absorbed in the respiratory tract and safely excreted in mucus.,"Cars,Fireplaces,Trucks",0,0,1,3.0
50,4,PM < 2.5 μm,Particles of this size are generally absorbed in the respiratory tract and safely excreted in mucus.,"Cars,Dirt Roads,Electric Vehicles,Fireplaces,Pollen,Trucks",0,1,1,1.5
51,4,PM < 0.05 μm,Particles of this size reach the bronchial tree where they corrode the alveolar parenchyma.,"Cars,Fireplaces,Trucks",0,0,0,3.0
52,2.5,PM < 1 μm,Particles of this size are generally absorbed in the respiratory tract and safely excreted in mucus.,Cars,1,0,1,2.0
53,1,PM < 0.25 μm,Particles of this size reach the bronchial tree where they corrode the alveolar parenchyma.,Dirt Roads,0,0,0,1.0
54,5,PM < 1 μm,Particles of this size include dust and pollen and are the main source of seasonal rhinitis,Cars,0,0,0,2.0
55,4,PM < 25 μm,Particles of this size include dust and pollen and are the main source of seasonal rhinitis,Pollen,0,0,0,1.0
56,2.5,PM < 1 μm,Particles of this size are generally absorbed in the respiratory tract and safely excreted in mucus.,Electric Vehicles,1,0,1,1.0
57,3,PM < 0.05 μm,Particles of this size reach the bronchial tree where they corrode the alveolar parenchyma.,"Cars,Dirt Roads,Fireplaces,Trucks",1,0,0,2.5
58,1.5,PM < 1 μm,Particles of this diameter are unable to be suspended in air.,"Fireplaces,Trucks",0,0,0,2.5
59,3,PM < 1 μm,Particles of this size reach the bronchial tree where they corrode the alveolar parenchyma.,"Cars,Dirt Roads,Electric Vehicles,Fireplaces,Pollen,Trucks",1,0,0,1.5
60,4,PM < 0.25 μm,Particles of this size are generally absorbed in the respiratory tract and safely excreted in mucus.,"Cars,Dirt Roads,Fireplaces,Trucks",0,0,1,2.5
61,4.5,PM < 25 μm,Particles of this size reach the bronchial tree where they corrode the alveolar parenchyma.,"Cars,Dirt Roads,Fireplaces,Pollen,Trucks",0,0,0,2.0
62,3.5,PM < 0.05 μm,Particles of this size include dust and pollen and are the main source of seasonal rhinitis,"Cars,Fireplaces,Pollen,Trucks",1,0,0,2.5
63,4.5,PM < 1 μm,Particles of this size are generally absorbed in the respiratory tract and safely excreted in mucus.,"Cars,Electric Vehicles,Fireplaces,Trucks",0,0,1,2.5
64,4,PM < 2.5 μm,Particles of this diameter are unable to be suspended in air.,"Cars,Fireplaces,Pollen,Trucks",0,1,0,2.5
65,5,PM < 2.5 μm,Particles of this size are generally absorbed in the respiratory tract and safely excreted in mucus.,"Cars,Electric Vehicles,Fireplaces,Trucks",0,1,1,2.5
66,4,PM < 0.05 μm,Particles of this diameter are unable to be suspended in air.,"Cars,Pollen,Trucks",0,0,0,2.0
67,5,PM < 1 μm,Particles of this size include dust and pollen and are the main source of seasonal rhinitis,"Cars,Dirt Roads,Fireplaces,Pollen,Trucks",0,0,0,2.0
68,4,PM < 1 μm,Particles of this size reach the bronchial tree where they corrode the alveolar parenchyma.,"Dirt Roads,Fireplaces",0,0,0,1.5
69,3.5,PM < 1 μm,Particles of this size are generally absorbed in the respiratory tract and safely excreted in mucus.,"Cars,Dirt Roads,Fireplaces,Pollen,Trucks",1,0,1,2.0
70,3.5,PM < 10 μm,Particles of this size include dust and pollen and are the main source of seasonal rhinitis,Fireplaces,1,0,0,2.0
71,4,PM < 10 μm,Particles of this size reach the bronchial tree where they corrode the alveolar parenchyma.,"Cars,Dirt Roads,Electric Vehicles,Fireplaces,Trucks",0,0,0,2.0
72,4,PM < 1 μm,Particles of this size are generally absorbed in the respiratory tract and safely excreted in mucus.,Cars,0,0,1,2.0
73,3.5,PM < 0.25 μm,Particles of this size include dust and pollen and are the main source of seasonal rhinitis,"Cars,Dirt Roads,Fireplaces,Pollen,Trucks",1,0,0,2.0
74,4,PM < 1 μm,Particles of this size are generally absorbed in the respiratory tract and safely excreted in mucus.,"Cars,Dirt Roads,Trucks",0,0,1,2.0
75,3,PM < 0.05 μm,Particles of this size reach the bronchial tree where they corrode the alveolar parenchyma.,"Cars,Dirt Roads,Trucks",1,0,0,2.0
76,4.5,PM < 1 μm,Particles of this diameter are unable to be suspended in air.,"Cars,Dirt Roads,Fireplaces,Pollen,Trucks",0,0,0,2.0
77,2.5,PM < 0.25 μm,Particles of this size are generally absorbed in the respiratory tract and safely excreted in mucus.,"Cars,Dirt Roads,Electric Vehicles,Fireplaces,Pollen,Trucks",1,0,1,1.5
78,3,PM < 0.25 μm,Particles of this size are generally absorbed in the respiratory tract and safely excreted in mucus.,"Cars,Fireplaces,Trucks",1,0,1,3.0
79,3.5,PM < 1 μm,Particles of this size reach the bronchial tree where they corrode the alveolar parenchyma.,Fireplaces,1,0,0,2.0
80,4,PM < 10 μm,Particles of this size reach the bronchial tree where they corrode the alveolar parenchyma.,"Cars,Dirt Roads,Fireplaces,Pollen,Trucks",0,0,0,2.0
81,3,PM < 25 μm,Particles of this size reach the bronchial tree where they corrode the alveolar parenchyma.,"Cars,Trucks",1,0,0,2.5
82,3.5,PM < 2.5 μm,Particles of this size are generally absorbed in the respiratory tract and safely excreted in mucus.,"Dirt Roads,Fireplaces,Pollen",1,1,1,1.0
83,4,PM < 1 μm,Particles of this size are generally absorbed in the respiratory tract and safely excreted in mucus.,"Cars,Dirt Roads,Fireplaces,Pollen,Trucks",0,0,1,2.0
84,3.5,PM < 0.05 μm,Particles of this size reach the bronchial tree where they corrode the alveolar parenchyma.,"Electric Vehicles,Trucks",1,0,0,1.5
85,5,PM < 1 μm,Particles of this size include dust and pollen and are the main source of seasonal rhinitis,"Dirt Roads,Fireplaces,Pollen",0,0,0,1.0
86,2.5,PM < 1 μm,Particles of this size include dust and pollen and are the main source of seasonal rhinitis,"Cars,Electric Vehicles,Fireplaces,Pollen",1,0,0,1.5
87,4,PM < 0.25 μm,Particles of this size reach the bronchial tree where they corrode the alveolar parenchyma.,"Cars,Fireplaces,Pollen,Trucks",0,0,0,2.5
88,2.5,PM < 2.5 μm,Particles of this size include dust and pollen and are the main source of seasonal rhinitis,"Cars,Dirt Roads,Fireplaces,Pollen,Trucks",1,1,0,2.0
89,3.5,PM < 1 μm,Particles of this size include dust and pollen and are the main source of seasonal rhinitis,"Cars,Fireplaces,Pollen",1,0,0,2.0
90,4,PM < 2.5 μm,Particles of this size reach the bronchial tree where they corrode the alveolar parenchyma.,"Cars,Dirt Roads,Fireplaces,Pollen,Trucks",0,1,0,2.0
91,5,PM < 10 μm,Particles of this diameter are unable to be suspended in air.,Pollen,0,0,0,1.0
92,4,PM < 0.05 μm,Particles of this size include dust and pollen and are the main source of seasonal rhinitis,"Cars,Fireplaces,Trucks",0,0,0,3.0
93,4.5,PM < 1 μm,Particles of this size reach the bronchial tree where they corrode the alveolar parenchyma.,"Cars,Dirt Roads,Fireplaces,Trucks",0,0,0,2.5
94,3.5,PM < 1 μm,Particles of this diameter are unable to be suspended in air.,"Cars,Dirt Roads,Fireplaces,Pollen",1,0,0,1.5
95,4,PM < 1 μm,Particles of this size include dust and pollen and are the main source of seasonal rhinitis,"Cars,Dirt Roads,Electric Vehicles,Fireplaces,Pollen,Trucks",0,0,0,1.5
96,5,PM < 1 μm,Particles of this diameter are unable to be suspended in air.,Pollen,0,0,0,1.0
97,2,PM < 2.5 μm,Particles of this diameter are unable to be suspended in air.,Cars,0,1,0,2.0
98,3,PM < 0.25 μm,Particles of this size are generally absorbed in the respiratory tract and safely excreted in mucus.,Pollen,1,0,1,1.0
99,4,PM < 25 μm,Particles of this size reach the bronchial tree where they corrode the alveolar parenchyma.,"Cars,Dirt Roads,Fireplaces,Pollen,Trucks",0,0,0,2.0
100,3,PM < 2.5 μm,Particles of this size reach the bronchial tree where they corrode the alveolar parenchyma.,"Cars,Dirt Roads,Fireplaces,Pollen,Trucks",1,1,0,2.0
101,3,PM < 2.5 μm,Particles of this size are generally absorbed in the respiratory tract and safely excreted in mucus.,"Cars,Fireplaces,Trucks",1,1,1,3.0
113,3.5,PM < 1 μm,,,1,0,0,
114,,,,,0,0,0,
115,2,PM < 1 μm,,,0,0,0,
118,5,PM < 0.25 μm,,,0,0,0,
123,5,,,,0,0,0,
2,4.5,PM < 2.5 μm,Particles of this size include dust and pollen and are the main source of seasonal rhinitis,"Cars,Dirt Roads,Electric Vehicles,Fireplaces,Pollen,Trucks",0,1,0,1.5
3,4.5,PM < 2.5 μm,Particles of this size are generally absorbed in the respiratory tract and safely excreted in mucus.,"Cars,Fireplaces",0,1,1,2.5
4,2.5,PM < 0.25 μm,Particles of this size include dust and pollen and are the main source of seasonal rhinitis,"Cars,Dirt Roads,Pollen",1,0,0,1.0
5,4,PM < 10 μm,,"Cars,Dirt Roads,Electric Vehicles,Fireplaces,Pollen,Trucks",0,0,0,1.5
6,2,PM < 1 μm,Particles of this size include dust and pollen and are the main source of seasonal rhinitis,"Cars,Dirt Roads,Fireplaces,Pollen,Trucks",0,0,0,2.0
7,,PM < 0.25 μm,,,0,0,0,
8,3,PM < 2.5 μm,Particles of this size reach the bronchial tree where they corrode the alveolar parenchyma.,"Cars,Dirt Roads,Fireplaces",1,1,0,2.0
9,3.5,PM < 1 μm,Particles of this size include dust and pollen and are the main source of seasonal rhinitis,"Dirt Roads,Electric Vehicles",1,0,0,0.5
10,5,PM < 25 μm,Particles of this diameter are unable to be suspended in air.,Cars,0,0,0,2.0
11,5,PM < 2.5 μm,Particles of this size reach the bronchial tree where they corrode the alveolar parenchyma.,"Cars,Dirt Roads,Fireplaces,Trucks",0,1,0,2.5
12,2.5,PM < 1 μm,Particles of this size reach the bronchial tree where they corrode the alveolar parenchyma.,"Cars,Electric Vehicles,Fireplaces,Trucks",1,0,0,2.5
13,5,PM < 1 μm,Particles of this size reach the bronchial tree where they corrode the alveolar parenchyma.,"Cars,Dirt Roads,Electric Vehicles,Fireplaces,Trucks",0,0,0,2.0
14,4.5,PM < 25 μm,Particles of this size reach the bronchial tree where they corrode the alveolar parenchyma.,Trucks,0,0,0,2.0
15,3,PM < 1 μm,Particles of this size are generally absorbed in the respiratory tract and safely excreted in mucus.,"Cars,Fireplaces,Trucks",1,0,1,3.0
16,2.5,PM < 1 μm,Particles of this size are generally absorbed in the respiratory tract and safely excreted in mucus.,"Cars,Electric Vehicles,Fireplaces,Trucks",1,0,1,2.5
17,3,PM < 0.25 μm,Particles of this size reach the bronchial tree where they corrode the alveolar parenchyma.,"Cars,Dirt Roads,Fireplaces,Trucks",1,0,0,2.5
18,3,PM < 0.25 μm,Particles of this size include dust and pollen and are the main source of seasonal rhinitis,"Cars,Dirt Roads,Electric Vehicles,Fireplaces,Pollen,Trucks",1,0,0,1.5
19,4,PM < 0.25 μm,Particles of this size reach the bronchial tree where they corrode the alveolar parenchyma.,"Cars,Dirt Roads,Fireplaces,Pollen,Trucks",0,0,0,2.0
20,5,PM < 2.5 μm,Particles of this size reach the bronchial tree where they corrode the alveolar parenchyma.,"Cars,Dirt Roads,Electric Vehicles,Fireplaces,Pollen,Trucks",0,1,0,1.5
21,4,PM < 0.25 μm,Particles of this size reach the bronchial tree where they corrode the alveolar parenchyma.,Cars,0,0,0,2.0
22,2,PM < 1 μm,Particles of this size include dust and pollen and are the main source of seasonal rhinitis,"Cars,Dirt Roads,Fireplaces,Pollen,Trucks",0,0,0,2.0
23,3,PM < 1 μm,Particles of this size are generally absorbed in the respiratory tract and safely excreted in mucus.,"Cars,Dirt Roads,Trucks",1,0,1,2.0
24,2.5,PM < 0.05 μm,Particles of this size include dust and pollen and are the main source of seasonal rhinitis,"Cars,Dirt Roads,Fireplaces,Pollen,Trucks",1,0,0,2.0
25,1.5,PM < 2.5 μm,Particles of this size are generally absorbed in the respiratory tract and safely excreted in mucus.,"Cars,Dirt Roads,Fireplaces,Pollen,Trucks",0,1,1,2.0
26,1.5,PM < 2.5 μm,Particles of this size include dust and pollen and are the main source of seasonal rhinitis,"Cars,Trucks",0,1,0,2.5
27,2,PM < 2.5 μm,Particles of this size include dust and pollen and are the main source of seasonal rhinitis,"Cars,Dirt Roads,Electric Vehicles,Fireplaces,Pollen,Trucks",0,1,0,1.5
28,2.5,PM < 0.05 μm,Particles of this diameter are unable to be suspended in air.,"Cars,Dirt Roads,Fireplaces,Trucks",1,0,0,2.5
29,3,PM < 2.5 μm,Particles of this size are generally absorbed in the respiratory tract and safely excreted in mucus.,"Cars,Electric Vehicles,Pollen,Trucks",1,1,1,1.5
30,5,PM < 0.25 μm,Particles of this size include dust and pollen and are the main source of seasonal rhinitis,"Cars,Dirt Roads,Fireplaces,Pollen,Trucks",0,0,0,2.0
31,2.5,PM < 1 μm,Particles of this size reach the bronchial tree where they corrode the alveolar parenchyma.,Cars,1,0,0,2.0
32,1,PM < 1 μm,Particles of this size are generally absorbed in the respiratory tract and safely excreted in mucus.,"Cars,Dirt Roads,Electric Vehicles,Fireplaces,Pollen,Trucks",0,0,1,1.5
33,3.5,PM < 10 μm,Particles of this size are generally absorbed in the respiratory tract and safely excreted in mucus.,Electric Vehicles,1,0,1,1.0
34,3,PM < 0.25 μm,Particles of this size reach the bronchial tree where they corrode the alveolar parenchyma.,"Cars,Trucks",1,0,0,2.5
35,4,PM < 1 μm,Particles of this size reach the bronchial tree where they corrode the alveolar parenchyma.,Fireplaces,0,0,0,2.0
36,5,PM < 2.5 μm,Particles of this size are generally absorbed in the respiratory tract and safely excreted in mucus.,"Cars,Dirt Roads,Fireplaces,Pollen,Trucks",0,1,1,2.0
37,3,PM < 1 μm,Particles of this size are generally absorbed in the respiratory tract and safely excreted in mucus.,"Cars,Dirt Roads,Fireplaces,Trucks",1,0,1,2.5
38,4,PM < 1 μm,Particles of this size are generally absorbed in the respiratory tract and safely excreted in mucus.,"Cars,Electric Vehicles,Fireplaces,Pollen,Trucks",0,0,1,2.0
39,5,PM < 10 μm,Particles of this size include dust and pollen and are the main source of seasonal rhinitis,"Cars,Dirt Roads,Electric Vehicles,Fireplaces",0,0,0,1.5
40,2,PM < 25 μm,Particles of this size reach the bronchial tree where they corrode the alveolar parenchyma.,Cars,0,0,0,2.0
41,5,PM < 2.5 μm,Particles of this size are generally absorbed in the respiratory tract and safely excreted in mucus.,"Cars,Dirt Roads,Electric Vehicles,Fireplaces,Pollen,Trucks",0,1,1,1.5
42,3,PM < 2.5 μm,Particles of this size are generally absorbed in the respiratory tract and safely excreted in mucus.,"Cars,Dirt Roads",1,1,1,1.5
43,2,PM < 0.05 μm,Particles of this size include dust and pollen and are the main source of seasonal rhinitis,"Electric Vehicles,Fireplaces",0,0,0,1.5
44,3.5,PM < 0.25 μm,Particles of this size include dust and pollen and are the main source of seasonal rhinitis,"Cars,Dirt Roads,Electric Vehicles,Fireplaces,Pollen,Trucks",1,0,0,1.5
45,2.5,PM < 0.25 μm,Particles of this size include dust and pollen and are the main source of seasonal rhinitis,"Cars,Dirt Roads,Electric Vehicles,Fireplaces,Pollen,Trucks",1,0,0,1.5
46,3,PM < 1 μm,Particles of this size include dust and pollen and are the main source of seasonal rhinitis,Fireplaces,1,0,0,2.0
47,3,PM < 1 μm,Particles of this diameter are unable to be suspended in air.,Electric Vehicles,1,0,0,1.0
48,4,PM < 0.05 μm,Particles of this size reach the bronchial tree where they corrode the alveolar parenchyma.,"Cars,Dirt Roads,Electric Vehicles,Fireplaces,Pollen,Trucks",0,0,0,1.5
49,4.5,PM < 0.05 μm,Particles of this size include dust and pollen and are the main source of seasonal rhinitis,"Dirt Roads,Fireplaces,Pollen",0,0,0,1.0
50,4,PM < 1 μm,Particles of this size reach the bronchial tree where they corrode the alveolar parenchyma.,"Cars,Dirt Roads,Fireplaces,Pollen,Trucks",0,0,0,2.0
51,4,PM < 2.5 μm,Particles of this size are generally absorbed in the respiratory tract and safely excreted in mucus.,Electric Vehicles,0,1,1,1.0
52,5,PM < 0.25 μm,Particles of this diameter are unable to be suspended in air.,"Cars,Electric Vehicles,Fireplaces,Trucks",0,0,0,2.5
53,4.5,PM < 1 μm,Particles of this size reach the bronchial tree where they corrode the alveolar parenchyma.,"Cars,Dirt Roads,Electric Vehicles,Fireplaces,Pollen,Trucks",0,0,0,1.5
54,3,PM < 0.05 μm,Particles of this size reach the bronchial tree where they corrode the alveolar parenchyma.,"Cars,Electric Vehicles,Fireplaces,Trucks",1,0,0,2.5
55,2.5,PM < 2.5 μm,Particles of this size reach the bronchial tree where they corrode the alveolar parenchyma.,"Cars,Dirt Roads,Fireplaces,Pollen,Trucks",1,1,0,2.0
56,5,PM < 2.5 μm,Particles of this size reach the bronchial tree where they corrode the alveolar parenchyma.,"Cars,Dirt Roads,Electric Vehicles,Fireplaces,Pollen,Trucks",0,1,0,1.5
57,2.5,PM < 0.25 μm,Particles of this size are generally absorbed in the respiratory tract and safely excreted in mucus.,"Cars,Pollen,Trucks",1,0,1,2.0
58,2,PM < 1 μm,Particles of this size reach the bronchial tree where they corrode the alveolar parenchyma.,"Cars,Electric Vehicles,Fireplaces,Trucks",0,0,0,2.5
59,4,PM < 1 μm,Particles of this size include dust and pollen and are the main source of seasonal rhinitis,"Cars,Dirt Roads,Fireplaces,Trucks",0,0,0,2.5
60,2.5,PM < 2.5 μm,Particles of this size include dust and pollen and are the main source of seasonal rhinitis,"Cars,Fireplaces,Trucks",1,1,0,3.0
61,3,PM < 0.05 μm,Particles of this size include dust and pollen and are the main source of seasonal rhinitis,"Cars,Dirt Roads,Trucks",1,0,0,2.0
62,5,PM < 2.5 μm,Particles of this size are generally absorbed in the respiratory tract and safely excreted in mucus.,"Cars,Dirt Roads,Fireplaces,Trucks",0,1,1,2.5
63,2,PM < 1 μm,Particles of this size include dust and pollen and are the main source of seasonal rhinitis,"Cars,Dirt Roads,Electric Vehicles,Fireplaces,Pollen,Trucks",0,0,0,1.5
64,4,PM < 10 μm,Particles of this size are generally absorbed in the respiratory tract and safely excreted in mucus.,"Cars,Dirt Roads,Fireplaces,Pollen,Trucks",0,0,1,2.0
65,3,PM < 25 μm,Particles of this size are generally absorbed in the respiratory tract and safely excreted in mucus.,Cars,1,0,1,2.0
66,5,PM < 0.25 μm,Particles of this size include dust and pollen and are the main source of seasonal rhinitis,Cars,0,0,0,2.0
67,3.5,PM < 1 μm,Particles of this size reach the bronchial tree where they corrode the alveolar parenchyma.,"Cars,Dirt Roads,Fireplaces,Pollen,Trucks",1,0,0,2.0
68,5,PM < 2.5 μm,Particles of this size reach the bronchial tree where they corrode the alveolar parenchyma.,"Cars,Dirt Roads,Fireplaces,Pollen,Trucks",0,1,0,2.0
69,3,PM < 1 μm,Particles of this size include dust and pollen and are the main source of seasonal rhinitis,"Dirt Roads,Fireplaces,Pollen",1,0,0,1.0
70,2.5,PM < 1 μm,Particles of this size include dust and pollen and are the main source of seasonal rhinitis,Cars,1,0,0,2.0
71,3,PM < 2.5 μm,Particles of this size are generally absorbed in the respiratory tract and safely excreted in mucus.,Fireplaces,1,1,1,2.0
72,3.5,PM < 1 μm,Particles of this size reach the bronchial tree where they corrode the alveolar parenchyma.,Cars,1,0,0,2.0
73,4.5,PM < 1 μm,Particles of this size include dust and pollen and are the main source of seasonal rhinitis,"Cars,Dirt Roads,Electric Vehicles,Fireplaces,Pollen,Trucks",0,0,0,1.5
74,3.5,PM < 2.5 μm,Particles of this diameter are unable to be suspended in air.,"Cars,Dirt Roads,Fireplaces,Pollen,Trucks",1,1,0,2.0
75,4,PM < 25 μm,Particles of this size reach the bronchial tree where they corrode the alveolar parenchyma.,"Cars,Dirt Roads,Fireplaces,Trucks",0,0,0,2.5
76,2.5,PM < 1 μm,Particles of this size are generally absorbed in the respiratory tract and safely excreted in mucus.,Electric Vehicles,1,0,1,1.0
77,5,PM < 25 μm,Particles of this size reach the bronchial tree where they corrode the alveolar parenchyma.,"Cars,Dirt Roads,Electric Vehicles,Fireplaces,Pollen,Trucks",0,0,0,1.5
78,2.5,PM < 1 μm,Particles of this size reach the bronchial tree where they corrode the alveolar parenchyma.,"Cars,Dirt Roads,Electric Vehicles,Fireplaces,Pollen,Trucks",1,0,0,1.5
79,3,PM < 1 μm,Particles of this size are generally absorbed in the respiratory tract and safely excreted in mucus.,"Dirt Roads,Electric Vehicles,Fireplaces",1,0,1,1.0
80,2.5,PM < 1 μm,Particles of this size are generally absorbed in the respiratory tract and safely excreted in mucus.,Fireplaces,1,0,1,2.0
81,2,PM < 0.25 μm,Particles of this size are generally absorbed in the respiratory tract and safely excreted in mucus.,"Cars,Trucks",0,0,1,2.5
82,3.5,PM < 1 μm,Particles of this size include dust and pollen and are the main source of seasonal rhinitis,"Cars,Fireplaces,Pollen,Trucks",1,0,0,2.5
83,3.5,PM < 1 μm,Particles of this size include dust and pollen and are the main source of seasonal rhinitis,"Cars,Dirt Roads,Trucks",1,0,0,2.0
84,3.5,PM < 1 μm,Particles of this size include dust and pollen and are the main source of seasonal rhinitis,"Cars,Trucks",1,0,0,2.5
85,3.5,PM < 2.5 μm,Particles of this size reach the bronchial tree where they corrode the alveolar parenchyma.,"Cars,Dirt Roads,Fireplaces,Pollen,Trucks",1,1,0,2.0
86,4,PM < 2.5 μm,Particles of this size include dust and pollen and are the main source of seasonal rhinitis,"Cars,Pollen",0,1,0,1.5
87,3,PM < 25 μm,Particles of this size include dust and pollen and are the main source of seasonal rhinitis,"Cars,Electric Vehicles,Fireplaces",1,0,0,2.0
88,4,PM < 0.25 μm,Particles of this size include dust and pollen and are the main source of seasonal rhinitis,Electric Vehicles,0,0,0,1.0
89,3.5,PM < 10 μm,Particles of this diameter are unable to be suspended in air.,"Dirt Roads,Electric Vehicles,Fireplaces,Pollen",1,0,0,0.5
90,1.5,PM < 1 μm,Particles of this diameter are unable to be suspended in air.,Cars,0,0,0,2.0
91,4,PM < 0.05 μm,Particles of this size are generally absorbed in the respiratory tract and safely excreted in mucus.,"Cars,Dirt Roads,Electric Vehicles,Fireplaces",0,0,1,1.5
92,2.5,PM < 0.25 μm,Particles of this size include dust and pollen and are the main source of seasonal rhinitis,Fireplaces,1,0,0,2.0
93,2.5,PM < 2.5 μm,Particles of this diameter are unable to be suspended in air.,"Cars,Trucks",1,1,0,2.5
94,4.5,PM < 0.25 μm,Particles of this size include dust and pollen and are the main source of seasonal rhinitis,Fireplaces,0,0,0,2.0
95,3,PM < 0.05 μm,Particles of this size reach the bronchial tree where they corrode the alveolar parenchyma.,"Cars,Fireplaces,Trucks",1,0,0,3.0
96,2,PM < 0.25 μm,Particles of this size reach the bronchial tree where they corrode the alveolar parenchyma.,"Cars,Dirt Roads,Fireplaces,Pollen,Trucks",0,0,0,2.0
97,2.5,PM < 10 μm,Particles of this size are generally absorbed in the respiratory tract and safely excreted in mucus.,"Cars,Fireplaces,Trucks",1,0,1,3.0
98,2.5,PM < 0.25 μm,Particles of this size reach the bronchial tree where they corrode the alveolar parenchyma.,"Cars,Pollen,Trucks",1,0,0,2.0
105,3,PM < 0.05 μm,,,1,0,0,
106,1,PM < 10 μm,,,0,0,0,
107,3.5,PM < 2.5 μm,,,1,1,0,
112,3.5,PM < 2.5 μm,,,1,1,0,
